"conversation_id_str","created_at","favorite_count","full_text","id_str","image_url","in_reply_to_screen_name","lang","location","quote_count","reply_count","retweet_count","tweet_url","user_id_str","username"
"1826983134279385184","Fri Aug 23 23:57:03 +0000 2024","0","@1998ur_ aku juga abis nge cut off cowo yg aku suka gegara dia reply storyku biarin serahin aja semuanya ke keluarga pak haji jokowi buangsatt tenan rek https://t.co/n42sQz9V1E","1827132978625171785","https://pbs.twimg.com/media/GVtHwoqa8AIV6Js.jpg","1998ur_","in","dirumah","0","0","0","https://x.com/sh3fiaaaa_/status/1827132978625171785","1503009338616868868","sh3fiaaaa_"
"1826368659779973545","Fri Aug 23 23:57:03 +0000 2024","0","@CAMERALIVE6849 DPR DPR yg membangkang atas ptusan MK siapa ketua DPR? cari tau sndiri tpi knapa mlah jdi pak jokowi yg klian salhkan? knapa jdi kaesang yg klian bawa2 pdhal kalau emg klian gamau dia naik tinggal gausah di pilih inget tjuan awal kita itu #kawalputusanMK atas pembangkangan DPR","1827132978239332707","","rizkynurita3007","in","","0","1","0","https://x.com/rizkynurita3007/status/1827132978239332707","1456928303101583362","rizkynurita3007"
"1826938533304819877","Fri Aug 23 23:57:00 +0000 2024","0","@bakuldimsum_ Dari dulu yg dikagumi sama jokowi itu apanyaaa?? Orangnya udah kelihatan culas semenjak nampak di media waktu keluarkan esemka. Diperjelas lagi dg ini https://t.co/3gBQsLmZ3Y","1827132968294609149","https://pbs.twimg.com/media/GVtHvqYa8AAb1nk.jpg","bakuldimsum_","in","","0","0","0","https://x.com/lordran44/status/1827132968294609149","1649323860754587648","lordran44"
"1826792798777213046","Fri Aug 23 23:56:59 +0000 2024","1","@nctzenbase KEMBALIKAN TEMAN-TEMAN KAMI DASAR MULYONO @jokowi DAN APARAT @DivHumas_Polri BEDEBAH!!!!!!! BANGSAT ANJING KALIAN! DAJJAL! #kawalkeputusanMK #KawalDemokrasiIndonesia #Tolakkaesangjadigubernur","1827132963378942360","","nctzenbase","in","hell.","0","0","0","https://x.com/kkrujioppang/status/1827132963378942360","1599997889878822912","kkrujioppang"
"1826844171849597163","Fri Aug 23 23:56:57 +0000 2024","0","@PKSejahtera Apakah PKS berbalik mendukung keluarga dinasti trah Jokowi dengan meninggalkan Anies Baswedan ?‚ÅâÔ∏è","1827132953077674296","","PKSejahtera","in","","0","0","0","https://x.com/KTheology46243/status/1827132953077674296","1791536821022990336","KTheology46243"
"1826463067359629454","Fri Aug 23 23:56:52 +0000 2024","0","@alpokatmentega @jokowi Biasanya yang mati yamg posting duluan...sudah byk contohnya trakhir cak nun stroke","1827132934652096825","","alpokatmentega","in","","0","0","0","https://x.com/santoz92725/status/1827132934652096825","1735645952676130816","santoz92725"
"1827064678847279346","Fri Aug 23 23:56:45 +0000 2024","0","@ekokuntadhi1 Jokowi raja mencla mencle Tak seia kata dan perbuatan Dan ini ditiru anak dan menantunya @gibran_tweet @kaesangp @bobbynasution_","1827132905715593349","","ekokuntadhi1","in","Bogor, Indonesia","0","0","0","https://x.com/syueb2011/status/1827132905715593349","363380931","syueb2011"
"1827101874841174265","Fri Aug 23 23:56:43 +0000 2024","18","@dimstrds @NOTASLIMBOY Soalnya kalo akhir masa jabatan Pak Jokowi banyak masalah. Pak Prabowo sebagai presiden selanjutnya yang harus bersih-bersih masalah yang bersisa di masa Pak Jokowi. Jadi ya ada hubungannya.","1827132894147719594","","dimstrds","in","Semarang ","0","1","0","https://x.com/Mhqqiqin_/status/1827132894147719594","1707809911185485825","Mhqqiqin_"
"1826990547413909959","Fri Aug 23 23:56:28 +0000 2024","0","@zer0failed Mereka Bela Rakyat mereka akan jg akan merasakan KEMENANGAN bila tetap kekeuh mereka Bela Rezim Kardus Ngibul Raya @jokowi mereka akan merasakan KEKALAHAN sebab Rakyat akan selalu MENANG smp kpnpun Ô∏èüáÆüá©","1827132834576003216","","zer0failed","in","","0","0","0","https://x.com/BL3H0_212/status/1827132834576003216","1570037996145213440","BL3H0_212"
"1826796782510362778","Fri Aug 23 23:56:27 +0000 2024","2","@_Palestine5 Kami siap bela jokowi. Tpi tidak dengan pemerintah lainnya","1827132828095803541","","_Palestine5","in","","0","0","0","https://x.com/Shinjimatsuya21/status/1827132828095803541","1534500908909752320","Shinjimatsuya21"
"1826887634922471442","Fri Aug 23 23:56:24 +0000 2024","0","@santoz92725 @ch_chotimah2 @jokowi Awokwok","1827132817303871555","","santoz92725","in","Denpasar Selatan, Indonesia","0","0","0","https://x.com/rumahkecilfact/status/1827132817303871555","1146912313514921984","rumahkecilfact"
"1826898240626983320","Fri Aug 23 23:56:21 +0000 2024","1","@xquitavee TURUNKAN DAN ADILI MULYONO aka @jokowi.","1827132803965948087","","xquitavee","in","Solo, Jawa Tengah","0","0","0","https://x.com/mbrengkelan/status/1827132803965948087","1054197517439496192","mbrengkelan"
"1826627480519934179","Fri Aug 23 23:56:19 +0000 2024","0","@CNNIndonesia sebelum Jokowi udah pada Korupsi juga... MAHATOLOL PENEGAK HUKUMNYA LOYO NGURUSIN KORUPSI","1827132796898570746","","CNNIndonesia","in","Ohara","0","0","0","https://x.com/UseKidd/status/1827132796898570746","1672969690703081474","UseKidd"
"1827132792758837512","Fri Aug 23 23:56:18 +0000 2024","0"," Ya Allah tolong cabut nyawa Pak Jokowi beserta seluruh keturunannya Ya Allah beri azab yg pedih pada seluruh keturunannya Ya Allah amin ya Rabbi ","1827132792758837512","","","in","","0","0","0","https://x.com/gamingefootball/status/1827132792758837512","1804828885915463680","gamingefootball"
"1826955762733855195","Fri Aug 23 23:56:01 +0000 2024","0","@xquitavee @jokowi @kaesangp Betul mulyono kagak tapi utusanya","1827132719446552993","","xquitavee","in","","0","0","0","https://x.com/GunaOneMerdeka/status/1827132719446552993","1706429655719546880","GunaOneMerdeka"
"1827132663129645154","Fri Aug 23 23:55:48 +0000 2024","0","SELAMAT PAGI @jokowi","1827132663129645154","","","in","","0","0","0","https://x.com/iinvani/status/1827132663129645154","45115846","iinvani"
"1827132568279642163","Fri Aug 23 23:55:25 +0000 2024","0","Jokowi","1827132568279642163","","","in","","0","0","0","https://x.com/brooklynboyss/status/1827132568279642163","1043905508","brooklynboyss"
"1827128163878760695","Fri Aug 23 23:55:23 +0000 2024","0","@thefeastt jokowi dikasianin","1827132560688001375","","thefeastt","in","","0","1","0","https://x.com/gempwiy/status/1827132560688001375","877621309248634881","gempwiy"
"1826787824278143082","Fri Aug 23 23:55:22 +0000 2024","0","@MayaA62580468 Tandai Artis Influencer Jokowi Jokowi Tumbang Wajib Di Kandangin","1827132555428294931","","MayaA62580468","in","","0","0","0","https://x.com/MMehonx/status/1827132555428294931","1642462072754806785","MMehonx"
"1826536130801762313","Fri Aug 23 23:55:21 +0000 2024","0","@MgmPtmgm @geloraco bawak2 al Qur'an emang @jokowi tau ngaji ya baca alfateha aja masih ber lepotan kalau iblis gk kenal al Qur'an kalau kenal al Qur'an pasti orangx jujur dan adil bukan ngibul itu munafik","1827132551430901813","","MgmPtmgm","in","","0","0","0","https://x.com/AyatulH86561504/status/1827132551430901813","1586567954837245960","AyatulH86561504"
"1827132511073530057","Fri Aug 23 23:55:11 +0000 2024","0","jokowi pratikno erina jogja haduh haduh.","1827132511073530057","","","in","nomaden","0","0","0","https://x.com/fa_fifu/status/1827132511073530057","1274320269419532288","fa_fifu"
"1827132499505619167","Fri Aug 23 23:55:09 +0000 2024","0","Pak jokowi takut ga ya sama istrinya?","1827132499505619167","","","in","","0","0","0","https://x.com/AnwarKhoirull/status/1827132499505619167","3187938841","AnwarKhoirull"
"1826868812681281579","Fri Aug 23 23:55:05 +0000 2024","0","@msaid_didu Tandai Artis Influencer Jokowi Jokowi Tumbang Wajib Di Kandangin","1827132485186285935","","msaid_didu","in","","0","0","0","https://x.com/MMehonx/status/1827132485186285935","1642462072754806785","MMehonx"
"1827132456203644990","Fri Aug 23 23:54:58 +0000 2024","0","Semua pemuja Jokowi klo melihat langkah politik Jokowi yang tidak sesuai dengan keinginan rakyat pasti bilangnya Jokowi sedang melakukan langkah catur...mpreeeetttttt.","1827132456203644990","","","in","üáÆüá©","0","0","0","https://x.com/Fr4nst/status/1827132456203644990","720655727816105984","Fr4nst"
"1826881724015641010","Fri Aug 23 23:54:42 +0000 2024","0","@Penyuka_ombak Lu dongo emg. Apa2 Pak Jokowi. Urusan dpr n mk aja yg di demo Pak Jokowi. Emg barisan skt hati","1827132387127652478","","Penyuka_ombak","in","","0","0","0","https://x.com/KlementRafael/status/1827132387127652478","1802170606022164480","KlementRafael"
"1826908072075567588","Fri Aug 23 23:54:37 +0000 2024","0","@gumpnhell MULYONO KONTOLLL!!!!! @jokowi MULYONO MULYONO TIKUS BAJINGAN! MASUK NERAKA ANJING MASUK NERAKA YANG PALING DALAM! RAKYAT TER DZOLIMI SM KELAKUAN LO ANJINGGG!!!! @jokowi MULYONO BANGSAT! #BauKetekOligarki #kawalkeputusanMK #KawalDemokrasiIndonesia #TolakPolitikDinasti","1827132368853070308","","gumpnhell","in","hell.","0","0","0","https://x.com/kkrujioppang/status/1827132368853070308","1599997889878822912","kkrujioppang"
"1827132292885868568","Fri Aug 23 23:54:19 +0000 2024","4","Demo UU pilkada terlintas para pendemo riuh teriak kawan RUU Perampasan aset jauh sblm itu Mei 2023 Jokowi lewat Mahfud MD (Menkopolhukam) menyurati DPR RI utk mempercepat RUU perampasan aset dmn PDIP punya kursi terbanyak di DPR RI tp apa kata bambang pacul harus acc ibu https://t.co/GDSdgBPBEQ","1827132292885868568","https://pbs.twimg.com/media/GVtHI0_a8AESa1-.jpg","","in","jakarta","0","0","2","https://x.com/kelvin28qafin/status/1827132292885868568","365016404","kelvin28qafin"
"1826971336255893587","Fri Aug 23 23:54:15 +0000 2024","0","@Dennysiregar7 Demo ini akan gagal karena kekuasaan presiden Jokowi didukung mayoritas penduduk Indonesia kecuali semua berbalik","1827132275265507439","","Dennysiregar7","in","","0","0","0","https://x.com/KTheology46243/status/1827132275265507439","1791536821022990336","KTheology46243"
"1827132264255504683","Fri Aug 23 23:54:12 +0000 2024","1","Ternyata bokap nyokap gue yang benci jokowi dari dulu gak salah ","1827132264255504683","","","in","‚ôèÔ∏è","0","0","0","https://x.com/rosesvow/status/1827132264255504683","1708036006539399168","rosesvow"
"1826929562594509180","Fri Aug 23 23:54:07 +0000 2024","0","@B4dutP0l1t1k Pikiranmu jadi kacau karena selalu makan t*i nya Jokowi tuch...","1827132241887260975","","B4dutP0l1t1k","in","","0","0","0","https://x.com/papa_reseh/status/1827132241887260975","1773360987803979776","papa_reseh"
"1826952053723218317","Fri Aug 23 23:54:07 +0000 2024","0","@xquitavee Badan eksekutif badan yudikatif dan badan legislative. Jokowi itu bukan pembuat hukum tp dpr masalah nya pas pemilu knp DPR2 itu bisa kepilih. Kan mereka jg yg milih.","1827132239848804500","","xquitavee","in","Gresik, Indonesia","0","0","0","https://x.com/duihosni/status/1827132239848804500","257738693","duihosni"
"1826933137089191942","Fri Aug 23 23:53:57 +0000 2024","0","@Rexthatch Satu keluarga bajingan!!! Semoga segera dilaknat kalian!! @jokowi @gibran_tweet @kaesangp !!!!!!","1827132200841834864","","Rexthatch","in","","0","0","0","https://x.com/AbahBroszem/status/1827132200841834864","1659952355633422337","AbahBroszem"
"1826986358222786988","Fri Aug 23 23:53:44 +0000 2024","1","@gilang_ahm31272 @jokowi @gibran_tweet @kaesangb @bobbynasution_ Urusin jokowi sekeluarga prabroro tukang bohong biar di turun kan segera","1827132143837049226","","gilang_ahm31272","in","","0","0","0","https://x.com/sastri200531/status/1827132143837049226","1772870402613927936","sastri200531"
"1827132134026571899","Fri Aug 23 23:53:41 +0000 2024","0","Nah....dasar bajingan busuk @jokowi komunis bangsat Laknat sana sini dia racuni orang orang jtk memenuhi hawa nafsu iblisnya Anjing..... Lihat video AK! #TikTok https://t.co/OHBbykB0s2","1827132134026571899","","","in","","0","0","0","https://x.com/marline_un/status/1827132134026571899","1177133183839531009","marline_un"
"1827114914890097040","Fri Aug 23 23:52:06 +0000 2024","0","@tanyakanrl Kalo didiskusikan juga ga mempan otaknya paling ujungnya bilang bodo amat jokowi all is the best woww","1827131734322024957","","tanyakanrl","in","Bandung,jawa barat ","0","0","0","https://x.com/justlovefauzia_/status/1827131734322024957","1409696682900529155","justlovefauzia_"
"1827131692597022812","Fri Aug 23 23:51:56 +0000 2024","0","Mulyono (Jokowi) kontol polisi kontol DPR kontol nih negara kontol #KawalPutusanMK #TolakPilkadaAkal2an #TolakPolitikDinasti #PeringatanDarurat #IndonesiaEmergencyDemocracy","1827131692597022812","","","in","","0","0","0","https://x.com/day6_negentropy/status/1827131692597022812","1376453915978256386","day6_negentropy"
"1826463067359629454","Fri Aug 23 23:51:35 +0000 2024","1","@alpokatmentega @jokowi Gimana perasaan BPK lihat begini @jokowi memang Skali pembenci ttp pembenci sebaik apapun sebagai manusia @jokowi semoga bapak slalu sehat !!","1827131605053534572","","alpokatmentega","in","Medan Kota, Indonesia","0","0","0","https://x.com/s68208_sabel/status/1827131605053534572","1801508419016527878","s68208_sabel"
"1827131546446524662","Fri Aug 23 23:51:21 +0000 2024","0","Menyedihkan. Apa yang terjadi di Indonesia dalam satu minggu terakhir ini adalah pertarungan antara Jokowi dan Prabowo Subianto. #indonesia #politik #Ruupilkada #dprri #philosufi #filosof #filosofdunia #filosofmuda #sufilosof","1827131546446524662","","","in","","0","0","0","https://x.com/TMJafar_Fils/status/1827131546446524662","2863217977","TMJafar_Fils"
"1826807077605704141","Fri Aug 23 23:51:17 +0000 2024","1","@Gunawan75_ @SBYudhoyono Udah tuirrr takut kena serangan jantung jadi dihindari buka2 medsos kata penasihat kesehatan apalagi setelah masuk koalisi Jokowi. ","1827131528989786346","","Gunawan75_","in","Bandung Jawa Barat","0","0","0","https://x.com/reZaXilae/status/1827131528989786346","42783228","reZaXilae"
"1827008584909008982","Fri Aug 23 23:51:10 +0000 2024","0","@Rayhan_Pres_ICA Apakah langkah yg terlalu berisiko ketika jokowi masuk beringin? Kehilangan luhut adalah super big loss bagi owi","1827131498891489566","","Rayhan_Pres_ICA","in","","0","0","0","https://x.com/augenuous/status/1827131498891489566","1417472353013882888","augenuous"
"1826895666905522598","Fri Aug 23 23:51:06 +0000 2024","0","@DedynurPalakka Lha mana jargon PSI dan Jokowisme nya Mas?? Kok tidak digaungkan lagi dengan lantang? PSI adalah Jokowi dan Jokowi adalah PSI?? PSI Penganut Jokowisme. Baliho2 dengan jargon seperti ini kita kangen lho liatnya bertebaran sampai di desa2 terpencil.","1827131482718269773","","DedynurPalakka","in","Indonesia","0","0","0","https://x.com/pembelajar010/status/1827131482718269773","855348371128700928","pembelajar010"
"1826887634922471442","Fri Aug 23 23:50:54 +0000 2024","0","@rumahkecilfact @ch_chotimah2 @jokowi Versi videonya https://t.co/NrzBa7S4vI","1827131432751526004","https://pbs.twimg.com/ext_tw_video_thumb/1827131381949837312/pu/img/rhddWyomDv8npX3x.jpg","rumahkecilfact","in","","0","0","0","https://x.com/santoz92725/status/1827131432751526004","1735645952676130816","santoz92725"
"1826541915996913810","Fri Aug 23 23:50:54 +0000 2024","0","@xquitavee @jokowi Mantap bung ayo terus suarakan biar pada melek dr tidurnya","1827131430281101666","","xquitavee","in","","0","0","0","https://x.com/04_gua/status/1827131430281101666","1624094339340341248","04_gua"
"1826984449726369833","Fri Aug 23 23:50:52 +0000 2024","0","@habiburokhman @bang_dasco @KPU_ID @officialMKRI @prabowo @jokowi @SBYudhoyono @Kiyai_MarufAmin @Pak_JK @KSPgoid @pramonoanung @ListyoSigitP @TjahjantoHadi meski posisi pak Prabowo &amp; bu Mega msg2 ada di kubu pemerintah &amp; kubu non pemerintah tp yakin hubungan pribadi keduanya akan tetap membuat kondisi adem ibarat adik kakak yg saling jaga Subhanallah https://t.co/WODE1DdQ8j","1827131425252110443","","Judakusumah1","in","NKRI","0","0","0","https://x.com/Judakusumah1/status/1827131425252110443","1603521097827094529","Judakusumah1"
"1827131340317454610","Fri Aug 23 23:50:32 +0000 2024","0"," kalo dulu jokowi ga menang 2 periode ga bakal gini https://t.co/3PlhjkuLMO","1827131340317454610","https://pbs.twimg.com/tweet_video_thumb/GVtGQica8AAnQuS.jpg","","in","i need","0","0","0","https://x.com/loreyyyyyyy/status/1827131340317454610","1226797442219180032","loreyyyyyyy"
"1826990299408904617","Fri Aug 23 23:50:25 +0000 2024","0","@Mythicalforest Kalau keluarga Jokowi sampe kabur ke luar negeri fix inimah polisi bakalan jadi kayak di Bangladesh","1827131308423966974","","Mythicalforest","in","Klari, Karawang, Indonesia","0","0","0","https://x.com/elanohk1/status/1827131308423966974","1493185519832174592","elanohk1"
"1826940084740039049","Fri Aug 23 23:50:21 +0000 2024","2","@ch_chotimah2 @jokowi Buzer loakan yg rajin posting yaah biar GK kelaparan anak suami mu nti GK ada yg bayar https://t.co/vHYfMqyzE7","1827131292263313583","https://pbs.twimg.com/media/GVtGOiRWwAAeNWd.png","ch_chotimah2","in","","0","0","0","https://x.com/buzerman18/status/1827131292263313583","986185677158010880","buzerman18"
"1826807077605704141","Fri Aug 23 23:50:06 +0000 2024","0","@Gunawan75_ @SBYudhoyono Ngapain cari SBY cari Jokowi tuh ke istana dia yg bikin gaduh. Gak usah nyeret2 orang kedalam masalah anda.","1827131229822709912","","Gunawan75_","in","","0","0","0","https://x.com/DatuLiang/status/1827131229822709912","1604299943476219904","DatuLiang"
"1827123178725880166","Fri Aug 23 23:50:06 +0000 2024","1","@VIVAcoid Siapa yg bayar @ZUL_Hasan ? Pak @jokowi emang yg bayar ?","1827131229134843976","","VIVAcoid","in","Kisaran Barat, Indonesia","0","0","0","https://x.com/orangkisaran/status/1827131229134843976","553749843","orangkisaran"
"1826947687616499931","Fri Aug 23 23:50:01 +0000 2024","0","@Projo_Pusat @jokowi Mungkin Ini Penyebab Mahasiswa Turun https://t.co/Snd5us3udR","1827131210549883330","https://pbs.twimg.com/media/GVtGJakbQAAReR5.jpg","Projo_Pusat","in","Jawa Timur, Indonesia","0","0","0","https://x.com/Dedd32605576/status/1827131210549883330","1022613848803532800","Dedd32605576"
"1826994449055940940","Fri Aug 23 23:49:50 +0000 2024","27","@aqfiazfan @VeronicaKoman halo??? info apakah tokped/lazada aman?? atau smsm ada intervensi jokowi jg sm petinggi2nya??? otw apus aplikasi oren klo gini. gaakan gue mau sepeser apa pun keuntungan buat antek2 mulyono","1827131164416733342","","aqfiazfan","in","","0","4","4","https://x.com/moncheri3_3/status/1827131164416733342","1522266470914596864","moncheri3_3"
"1826984929911259447","Fri Aug 23 23:49:50 +0000 2024","4","@rmol_id @FahreziBadrun Semua keputusan atau ketentuan yg terindikasi arahan jokowi sebaiknya digugat dan dibatalkan karena jelas tidak perpihak pada kepentingan rakyat.","1827131162369913139","","rmol_id","in","","0","0","0","https://x.com/Ge1Te/status/1827131162369913139","1390470069902188545","Ge1Te"
"1827131158595039743","Fri Aug 23 23:49:49 +0000 2024","0","Matinya Demokrasi Rezim Jokowi","1827131158595039743","","","in","","0","0","0","https://x.com/Amankadismaksum/status/1827131158595039743","1313788225543053313","Amankadismaksum"
"1826587376552214788","Fri Aug 23 23:49:46 +0000 2024","0","@Lembayung071 @jokowi Masih tolol aja lu","1827131147530477860","","Lembayung071","in","Denpasar","0","0","0","https://x.com/aliefxzn/status/1827131147530477860","88509838","aliefxzn"
"1826758642135433327","Fri Aug 23 23:49:46 +0000 2024","0","@BBerizik Pdhl pdip sdh mendapatkan banyak benefit jokowi presiden hnya krn ga dukung si putih kader pdip keterlaluan mencaci ke jkw","1827131147291390170","","BBerizik","in","Indonesia","0","0","0","https://x.com/mas_thol3/status/1827131147291390170","318831793","mas_thol3"
"1827131087430283731","Fri Aug 23 23:49:32 +0000 2024","0","Jokowi dan family dah boleh buat sinetron kabel dan kroni . Mau panjang cerita ni sampai 2030.","1827131087430283731","","","in","Malaysia","0","0","0","https://x.com/Fahmi_Ismail87/status/1827131087430283731","1539784658048524288","Fahmi_Ismail87"
"1826778689125621845","Fri Aug 23 23:49:28 +0000 2024","0","@DivHumas_Polri Kalian diam saat hukum dan norma norma berbangsa diobrak abrik Jokowi!!! Anda bukan aparat negara tapi alat bagi penguasa yang gajinya diambilkan dari rakyat... Kalau institusi anda tegak lurus dgn hukum... negara kita pasti makmur... adil dan beradab...","1827131071806500894","","DivHumas_Polri","in","","0","0","0","https://x.com/Tyan805/status/1827131071806500894","1429324599611727873","Tyan805"
"1827131010770927919","Fri Aug 23 23:49:14 +0000 2024","1","Dogma kacung manusia Gurun agama biadab @mohmahfudmd @MajelisUlamaID @MUIPusat @Kemenag_RI @DPR_RI @Itjen_Kemdikbud @kemkominfo @PolhukamRI @Kemendagri_RI @jokowi @nadiemmakarim @Kemdikbud_RI @na_dirs @DivHumas_Polri @KomnasHAM @aagym @BNPTRI @KPAI_official @ListyoSigitP?","1827131010770927919","","","in","Blue Earth, MN","0","0","1","https://x.com/jelasbukanonta/status/1827131010770927919","2687473422","jelasbukanonta"
"1826463067359629454","Fri Aug 23 23:49:13 +0000 2024","0","@alpokatmentega @jokowi Hanya ada di negeri konoha","1827131009881805144","","alpokatmentega","in","","0","0","0","https://x.com/HafidAlwi_12/status/1827131009881805144","1609533353841266694","HafidAlwi_12"
"1826887634922471442","Fri Aug 23 23:49:11 +0000 2024","0","@rumahkecilfact @ch_chotimah2 @jokowi Mirip ini ya mas https://t.co/AFZi2QBAYn","1827130998628499795","https://pbs.twimg.com/media/GVtF9dva8AAm3sF.jpg","rumahkecilfact","in","","0","1","0","https://x.com/santoz92725/status/1827130998628499795","1735645952676130816","santoz92725"
"1826932828493529426","Fri Aug 23 23:49:08 +0000 2024","2","@EricRicaldo @prabowo Soeharto menyisakan utang Jokowi menyisakan Utang. Soeharto mewariskan KKN Jokowi juga sama bahkan dengan mata telanjang gampang merubah regulasi dan undang-undang. Indeks Pembangunan Manusia era Soeharto rendah begitu pula era Jokowi. Situ sehat?","1827130989182898620","","EricRicaldo","in","Tasikmalaya, Jawa Barat","0","0","0","https://x.com/fina_ahmad/status/1827130989182898620","60856653","fina_ahmad"
"1827130961605357870","Fri Aug 23 23:49:02 +0000 2024","0","Dogma kacung manusia Gurun agama biadab @mohmahfudmd @MajelisUlamaID @MUIPusat @Kemenag_RI @DPR_RI @Itjen_Kemdikbud @kemkominfo @PolhukamRI @Kemendagri_RI @jokowi @nadiemmakarim @Kemdikbud_RI @na_dirs @DivHumas_Polri @KomnasHAM @aagym @BNPTRI @KPAI_official @ListyoSigitP?","1827130961605357870","","","in","Blue Earth, MN","0","0","0","https://x.com/jelasbukanonta/status/1827130961605357870","2687473422","jelasbukanonta"
"1826993126059454667","Fri Aug 23 23:48:56 +0000 2024","0","@sakurahayi @sienchao @Anak__Ogi @Kimberley_PS08 @tham878 @jokowi Kita ikuti saja Jalan berpikir dia kenapa kalau sudah mayoritas Kok ga berani diundangkan? @sienchao","1827130937605550390","","sakurahayi","in","","0","2","0","https://x.com/Amotsky/status/1827130937605550390","217651975","Amotsky"
"1827130910820724760","Fri Aug 23 23:48:50 +0000 2024","0","Turunkan Jokowi..teriak pendemo lappet. Ga mikir hasil kerja Jokowi selama 10 tahun ini gimana.","1827130910820724760","","","in","","0","0","0","https://x.com/darurat_2024/status/1827130910820724760","1750849890782248960","darurat_2024"
"1826986730219765782","Fri Aug 23 23:48:47 +0000 2024","0","@H4T14K4LN4L42 @DPR_RI @jokowi Terus kalian ini mau apa kalau uda masuk..","1827130898548191429","","H4T14K4LN4L42","in","","0","0","0","https://x.com/mr_zeei/status/1827130898548191429","973020481","mr_zeei"
"1827130863135658168","Fri Aug 23 23:48:38 +0000 2024","0","Menurut saya RAJA JAWA yg dimaksud Bahlil ya JOKOWI menurut kamu siapa?...https://t.co/BVD9hd7VdT","1827130863135658168","","","in","","0","0","0","https://x.com/MUHTADI44277748/status/1827130863135658168","1385088032483594245","MUHTADI44277748"
"1826968296325083590","Fri Aug 23 23:48:33 +0000 2024","0","@realfedinuril @DPR_RI Lu dungu emg. Skt hati kalah pilpres yg disalahi Pak Jokowi. Urusan dpr n mk. Dungu emg anda","1827130839857279115","","realfedinuril","in","","0","0","0","https://x.com/KlementRafael/status/1827130839857279115","1802170606022164480","KlementRafael"
"1826823837931241949","Fri Aug 23 23:48:09 +0000 2024","0","@txtdrjkt Dengan semua kejadian ini apakah fans fanatik jokowi masih belum sadar.. Klo tidak fix mereka itu lahir dari rahim monyet...","1827130741249208368","","txtdrjkt","in","","0","0","0","https://x.com/ApaLahu03/status/1827130741249208368","1632809395745869826","ApaLahu03"
"1826541915996913810","Fri Aug 23 23:47:55 +0000 2024","2","@MansionN1703 @xquitavee @jokowi Yg merubah aturan itu anggota komisi dpr bujan jokowi pribagi oon kau","1827130680763105300","","MansionN1703","in","","0","0","0","https://x.com/erwin1122sex/status/1827130680763105300","1819348210818916352","erwin1122sex"
"1827007892203221301","Fri Aug 23 23:47:41 +0000 2024","0","@detikcom Ucapan anda tidak bisa dipercaya @jokowi","1827130622479094099","","detikcom","in","Kisaran Barat, Indonesia","0","0","0","https://x.com/orangkisaran/status/1827130622479094099","553749843","orangkisaran"
"1827127205463519368","Fri Aug 23 23:47:38 +0000 2024","1","@OposisiCerdas MULYONO! siapa itu jokowi","1827130610223341883","","OposisiCerdas","in","pantry","0","0","0","https://x.com/AdityaMahario/status/1827130610223341883","25324094","AdityaMahario"
"1826986358222786988","Fri Aug 23 23:47:38 +0000 2024","2","@gilang_ahm31272 @jokowi @gibran_tweet @kaesangb @bobbynasution_ Salah tuh yel yelnya harusnya adili Jokowi &amp; keluarganya krn tanpa di turunkan pun akan turun dng sendiri nya &amp; tdk akan lama lgi","1827130609795526765","","gilang_ahm31272","in","","0","0","0","https://x.com/SatryaniJohn/status/1827130609795526765","1551702469985837057","SatryaniJohn"
"1827130570775924844","Fri Aug 23 23:47:29 +0000 2024","1","Disaat yang sama jika ini benar ... Ini akan menguntungkan Prabowo untuk mengharumkan citara Politiknya &amp; mengubah opini Rakyat menarik kesimpulan bahwa ini sepenuhnya Adalah obsesi Jokowi untuk anak ideologisnya.","1827130570775924844","","","in","","0","0","0","https://x.com/_mastito/status/1827130570775924844","1527605275850551297","_mastito"
"1827126731410698250","Fri Aug 23 23:47:28 +0000 2024","1","@papa_loren Catat dulu aja dan simpan sbg brang bukti/jejak digital. Jika mereka ingkar janji Lawan! Dan 1 hal yg perlu diingat awal¬≤ 2019 Mulyono a.k.a Jokowi menggaungkan 'revolusi mental'. Jika mereka ingkari janjinya bersiaplah revolusi rakyat! Salam olahraga....uraaaaaa!!!!","1827130568167059894","","papa_loren","in","Konoha ","0","1","0","https://x.com/satriyotutuko/status/1827130568167059894","44520395","satriyotutuko"
"1824944064061755707","Fri Aug 23 23:47:17 +0000 2024","0","@presideninsyaf @MasterMons36 @VIVAcoid @jokowi @aniesbaswedan wkwkkwwk serah lu lah drun kadrun jilat aja tuh pantat abah anis goblok tolol ampe llicin wkwkkwk bye kadrun bodoh otak kopong harrrggg cuiiiihhhh ","1827130521094386157","","presideninsyaf","in","","0","1","0","https://x.com/bk_jackBK/status/1827130521094386157","975197731","bk_jackBK"
"1827109950784729179","Fri Aug 23 23:47:08 +0000 2024","1","@MurtadhaOne1 @KPK_RI @PKSejahtera @pakmul63 Nyesel banget gue ngasih suara ke partai lu Mul kalau ada skema return suara partai gue urus nih gue mau opsi return suara gue biar partai lu nga lolos parlemen biar kader lu jadi jongos @pakmul63","1827130485342138658","","rayen_farmasi","in","Satu shaf di depanmu","0","0","0","https://x.com/rayen_farmasi/status/1827130485342138658","109195959","rayen_farmasi"
"1826913603917893968","Fri Aug 23 23:46:52 +0000 2024","0","@VIVAcoid Sadarlah jgn berhalakan jokowi","1827130417994199551","","VIVAcoid","in","JKT,Bengkulu","0","0","0","https://x.com/martin_nton/status/1827130417994199551","89897182","martin_nton"
"1826804822076801416","Fri Aug 23 23:46:42 +0000 2024","3","@babyoppars Aku org kediri kak bandaranya udah diresmikan tapi sama pejabat lain bukan jokowi. Rencananya jokowi tapi diundur terus sampai bosen baca beritanya.","1827130375631675754","","babyoppars","in","Kediri, Jawa Timur","0","1","0","https://x.com/syaii_fudin/status/1827130375631675754","895969723921203200","syaii_fudin"
"1827007892203221301","Fri Aug 23 23:46:42 +0000 2024","0","@detikcom Berita baik tapi yg ngomong Jokowi","1827130372943180249","","detikcom","in","","0","0","0","https://x.com/Asooyy9/status/1827130372943180249","1343947921058775042","Asooyy9"
"1826536490362700005","Fri Aug 23 23:46:37 +0000 2024","0","@Dennysiregar7 Barisan skt hati karna kalah. Ujung2 demo buat konten. Ujung2nya salahi Pak Jokowi jelas2 urusan dpr n mk. Mending demo tu uu perampasan aset. Emg kumpulan org dungu","1827130352256847889","","Dennysiregar7","in","","0","0","0","https://x.com/KlementRafael/status/1827130352256847889","1802170606022164480","KlementRafael"
"1826463067359629454","Fri Aug 23 23:46:36 +0000 2024","0","@alpokatmentega @jokowi Jahat nya kalian semoga Allah melaknat kalian para BUZZER BIADAB","1827130351174717732","","alpokatmentega","in","Jakarta selatan . Kel Cipedak ","0","0","0","https://x.com/kausarfirdaus/status/1827130351174717732","362482758","kausarfirdaus"
"1826929562594509180","Fri Aug 23 23:46:17 +0000 2024","0","@B4dutP0l1t1k Kata siapa botak buktinya jokowi tdk bsa apaa-apa setelah pdip ambil posisi ","1827130268446286068","","B4dutP0l1t1k","in","Liverpool, England","0","0","0","https://x.com/SupriadiSatria/status/1827130268446286068","225040624","SupriadiSatria"
"1826986730219765782","Fri Aug 23 23:46:14 +0000 2024","0","@H4T14K4LN4L42 @DPR_RI @jokowi Kapan? Sumber?","1827130258916831552","","H4T14K4LN4L42","in","","0","0","0","https://x.com/ZulfaJanna2483/status/1827130258916831552","1721710711460728832","ZulfaJanna2483"
"1826662736417489222","Fri Aug 23 23:46:08 +0000 2024","0","@Nov_174 @kaesangp capek ya gais nangapi orang2 yang pola pikirnya kaya gini tuh ya kan jokowi bisa kalo sirik yaaa tiru too bisa ga kaya jokowi? terserah jokowi to mau jadiiin anaknya semua pejabat yang penting kita bisa makan maishan kita masih bisa ini itu haaaaaaaaaaaah","1827130231716770110","","Nov_174","in","","0","0","0","https://x.com/RoroHanaliesia/status/1827130231716770110","573142316","RoroHanaliesia"
"1826987816045125977","Fri Aug 23 23:45:41 +0000 2024","1","@jaesxc @tanyakanrl -dia berhasil menunjukkan kekuatan politiknya yg justru mampu mengubah peta kekuatan di partainya sendiri. Jokowi pnya strategi politik yg lebih luas dan efektif daripada sekdr mengandalkan validasi. Tindakan Jokowi malah memiliki dampak besar yg melampaui validasi itu sendiri.","1827130121058447541","","Miftoon23","in","","0","0","0","https://x.com/Miftoon23/status/1827130121058447541","1735176304214061056","Miftoon23"
"1827130114330767596","Fri Aug 23 23:45:40 +0000 2024","2","Yang modelan seperti Sitorus byk lah Dulu caci maki Jokowi begitu beda dukungan skrg puji puji Jokowi @JhonSitorus_18 jgn bersedih kawan seperti kau byk di X Ini","1827130114330767596","","","in","multiverse","0","0","1","https://x.com/neVerAl0nely/status/1827130114330767596","1282751327588585473","neVerAl0nely"
"1827130067979530618","Fri Aug 23 23:45:29 +0000 2024","0","Purwokerto Tumbangkan @Jokowi Tangkap Bersama Keluarga Dan Kroninya Yang Telah Menghancurkan Negara Indonesia https://t.co/oYuknTMm7e","1827130067979530618","https://pbs.twimg.com/ext_tw_video_thumb/1827130009619984385/pu/img/zSZUM71Wn5XA7w3q.jpg","","in","","0","0","0","https://x.com/MMehonx/status/1827130067979530618","1642462072754806785","MMehonx"
"1826463067359629454","Fri Aug 23 23:45:29 +0000 2024","0","@alpokatmentega @jokowi Gelar Drs-nya tidak dipakai dan ditinggal di Solo ??? ","1827130067417494009","","alpokatmentega","in","Ev deƒ£i≈ütir","0","0","0","https://x.com/Geusan1/status/1827130067417494009","1914512449","Geusan1"
"1826987816045125977","Fri Aug 23 23:45:11 +0000 2024","1","@jaesxc @tanyakanrl Hmm meskipun PDIP pernah menjadi pendukung utama Jokowi hubungan mrk udh berakhir dan PDIP tidak lagi mendukung Jokowi. Kalau hnya untuk validasi mngkn g akan semasif ini langkah¬≤ yg diambil Jokowi. Buktinya -","1827129991911633039","","jaesxc","in","","0","1","0","https://x.com/Miftoon23/status/1827129991911633039","1735176304214061056","Miftoon23"
"1827129983585939750","Fri Aug 23 23:45:09 +0000 2024","1","2024 Tahun Rekonsiliasi dgn diakhirinya perselisihan pendukung Jokowi dan Prabowo Pendukung Ahok dan Anies. Indonesia Emas smg terwujud https://t.co/DYHdWeDcRw","1827129983585939750","https://pbs.twimg.com/media/GVtFCUMa8AIf2bn.jpg","","in","Indonesia","0","0","0","https://x.com/mas_thol3/status/1827129983585939750","318831793","mas_thol3"
"1826887634922471442","Fri Aug 23 23:45:09 +0000 2024","0","@santoz92725 @ch_chotimah2 @jokowi Gen Stupid awokwok lu lg lihat maling di depan mata mau lsg ditangkep malah maling lu suruh nangkep jg copet di tempat lain.. keburu kabur maling nya kl ngurus yg lain barengan https://t.co/yfcnejqmFb","1827129983564968268","https://pbs.twimg.com/tweet_video_thumb/GVtFCB2a8AETzkF.jpg","santoz92725","in","Denpasar Selatan, Indonesia","0","2","0","https://x.com/rumahkecilfact/status/1827129983564968268","1146912313514921984","rumahkecilfact"
"1826978445357978097","Fri Aug 23 23:45:06 +0000 2024","0","@BudiBukanIntel Apa ini rangkaian satu paket dengan keputusan jokowi menaikkan gaji anggota KPU sampai 50%?","1827129972294873312","","BudiBukanIntel","in","Jawa Timur, Indonesia","0","0","0","https://x.com/arie_havani/status/1827129972294873312","982641544409726976","arie_havani"
"1827129966724837617","Fri Aug 23 23:45:05 +0000 2024","0"," Percakapan suami istri yang ga akur¬≤ banget di pagi hari. Ayah berangkat dulu. Iyaa lagi nungguin kang sampah ga lewat¬≤. Waduh bau busuk banget dong? Bau jokowi. Settttttt.","1827129966724837617","","","in","Indonesia","0","2","0","https://x.com/putussd/status/1827129966724837617","150912947","putussd"
"1826935756348432399","Fri Aug 23 23:45:05 +0000 2024","0","@pelangi_ku77 @DPR_RI @AntoniusCDN @03__nakula @NgkongRoses @denni_sauya @HumorJonTampan @BiLLRaY2019 @DS_yantie @Aryprasetyo85 Si Yahya jadi ceboker Jokowi dengan meminta DPR menghentikan ruu pilkada padahal ruu pilkada inisiatif bersama rezim Jokowi dan DPR jadi si Yahya berusaha mengalihkan isu bahwa DPR yg bermasalah bukan rezim jokodok","1827129966204744045","","pelangi_ku77","in","","0","0","0","https://x.com/DadangYusup5/status/1827129966204744045","1350052213717049347","DadangYusup5"
"1826819007347130567","Fri Aug 23 23:44:52 +0000 2024","0","@Box2boxID Ni geblek ya. Ngata2in keluarga Pak Jokowi. Kalian tu sampah. Kalah jg pilpres kmrn skt hati smp skrg. Lgian urusan dpr n mk ttp aja yg kena Pak Jokowi. Emg dungu lu box to box","1827129912614121563","","Box2boxID","in","","0","0","0","https://x.com/KlementRafael/status/1827129912614121563","1802170606022164480","KlementRafael"
"1827129902715564279","Fri Aug 23 23:44:49 +0000 2024","2","Tetap semangat melangkah kemasa depan positif tegak lurus bersama bapak presiden republik Indonesia üáÆüá© ( Jokowi üáÆüá©)","1827129902715564279","","","in","Kalimantan Timur, Indonesia","0","1","1","https://x.com/BeringinKubar/status/1827129902715564279","1526159328381923328","BeringinKubar"
"1827124709252854171","Fri Aug 23 23:44:49 +0000 2024","12","@Puthutea Luar biasa hasil cuci uang Mulyono","1827129899360121183","","Puthutea","in","Satu shaf di depanmu","0","0","1","https://x.com/rayen_farmasi/status/1827129899360121183","109195959","rayen_farmasi"
"1827128761143411069","Fri Aug 23 23:44:47 +0000 2024","0","@FarahhJavaid Salah satu kebiasaan jokowi (entah positif/negatif)..nabok nyilih tangan..masih aja banyak yg ke gocek..wkwkwk","1827129891990667373","","FarahhJavaid","in","Depok","0","1","0","https://x.com/ade_prasetya5/status/1827129891990667373","2346930510","ade_prasetya5"
"1826463067359629454","Fri Aug 23 23:44:45 +0000 2024","0","@alpokatmentega @jokowi Desain tsb bukan buatan @kemkominfo spt saat Mulyono Ultah kan..?","1827129886236115186","","alpokatmentega","in","Jakarta","0","0","0","https://x.com/repoeblikan/status/1827129886236115186","280298505","repoeblikan"
"1826541915996913810","Fri Aug 23 23:44:36 +0000 2024","0","@xquitavee @jokowi Masalah kalau rubah uu paksa koalisi gunakan fasilitas negara cawe cawe dan habisin duit nenek loe ","1827129847296225413","","xquitavee","in","","0","0","0","https://x.com/Marshallsb70/status/1827129847296225413","1306829296019800066","Marshallsb70"
"1827129826454729037","Fri Aug 23 23:44:31 +0000 2024","1","Pelaku pembakaran rumah warga Buddha di Lombok gmana @mohmahfudmd @MajelisUlamaID @MUIPusat @Kemenag_RI @DPR_RI @Itjen_Kemdikbud @kemkominfo @PolhukamRI @Kemendagri_RI @jokowi @Kemdikbud_RI @na_dirs @DivHumas_Polri @KomnasHAM @aagym @BNPTRI @KPAI_official @ListyoSigitP?","1827129826454729037","","","in","Blue Earth, MN","0","0","0","https://x.com/jelasbukanonta/status/1827129826454729037","2687473422","jelasbukanonta"
"1827129806460514425","Fri Aug 23 23:44:26 +0000 2024","0","Selamat pagi Mulyono bin Widjiatno Notomihardjo @jokowi #KawalPutusanMK #TolakPilkadaAkal2an #TolakPolitikDinasti","1827129806460514425","","","in","","0","0","0","https://x.com/kullyeah/status/1827129806460514425","1457991347202236419","kullyeah"
"1824764880114815402","Fri Aug 23 23:44:24 +0000 2024","0","@jokowi Smpah di indinesia bwlum ada solusi pak Bagaimana ini???","1827129795299438701","","jokowi","in","depok, jawa barat","0","0","0","https://x.com/adhialwi/status/1827129795299438701","169479482","adhialwi"
"1827129778157289650","Fri Aug 23 23:44:20 +0000 2024","0","Ada banget browwwww. Ni om gua yang tinggal serumah begini. Emang kenapa sih pada gak mau Jokowi lanjut lagi ya? Capek balesnya kwkwkwkw","1827129778157289650","","","in","Boston, MA","0","0","0","https://x.com/AmmarshaR/status/1827129778157289650","73558889","AmmarshaR"
"989137202398380033","Fri Aug 23 23:44:15 +0000 2024","0","@jokowi Wah semangat terus Mitsubishi Indonesia! Semoga bisa terus berkontribusi buat perekonomian negara kita","1827129756938334271","","jokowi","in","Sulsel","0","0","0","https://x.com/exoticbackpack4/status/1827129756938334271","1263894151","exoticbackpack4"
"1826498793195372870","Fri Aug 23 23:44:11 +0000 2024","0","@miskiy28 JOKOWI JOKOWI ANJING! JOKOWI ANJING!","1827129742413459766","","miskiy28","in","","0","0","0","https://x.com/fckgvrmntt/status/1827129742413459766","1336748270140280832","fckgvrmntt"
"1826940084740039049","Fri Aug 23 23:44:09 +0000 2024","0","@AnimismeL @ch_chotimah2 @jokowi Klo menang ngafain dia takut jokowi tiap hari kader dan bujernya bahas jkw mulu...pilpres ambruk suara nasional turun pilkada ga punya calon ","1827129734146486372","","AnimismeL","in","","0","0","0","https://x.com/santoz92725/status/1827129734146486372","1735645952676130816","santoz92725"
"1826994121355235518","Fri Aug 23 23:44:01 +0000 2024","0","@H4T14K4LN4L42 @jokowi Raja jawa penakut..","1827129698448764951","","H4T14K4LN4L42","in","","0","0","0","https://x.com/YanzDipanegara/status/1827129698448764951","1702626752303132672","YanzDipanegara"
"1825782175364690202","Fri Aug 23 23:43:56 +0000 2024","0","@jokowi Pungsi presiden adalah memimpin negara dengan aman makmur kenyataannya Hanya memakmurkan diri sendiri keluarganya kacung Mapia antek-antek yg setia sedih miris Indonesia ku semoga engkau cepat membaik ","1827129680694276598","","jokowi","in","","0","0","0","https://x.com/ElfazriSuhada/status/1827129680694276598","1685189975015636992","ElfazriSuhada"
"1827129675224904038","Fri Aug 23 23:43:55 +0000 2024","10","Pikiran sya sesimpel. Jika memang keluarga Pak Jokowi lolos dari hukum apapun. Yasudah jangan dipilih untuk jadi pemimpin. Milih penjahat untuk jadi pemimpin? Itu yg harus anda pertanyakan dalam diri anda sendiri. Ibarat makan sambel suka yg mana itu yg dipilih. Gampang tho?","1827129675224904038","","","in","Negeri Nuswantara","0","4","1","https://x.com/Maleo_Berekor/status/1827129675224904038","1499993544","Maleo_Berekor"
"1827129663048839306","Fri Aug 23 23:43:52 +0000 2024","0","Kalo ada temenmu yang bau ketek bilang aja km mantunya @jokowi yah ","1827129663048839306","","","in","","0","0","0","https://x.com/AnwarKhoirull/status/1827129663048839306","3187938841","AnwarKhoirull"
"1827129630069063761","Fri Aug 23 23:43:44 +0000 2024","0","@jokowi anda nampak jelas sejak awal gagal beradaptasi dengan Indonesia Raya...Indonesia Merdeka. Negara hukum sudah sejak negara ini dibentuk dan berdiri. Anda dengan dengan sadar berusaha sekuat tenaga untuk merubah nya. Terlalu banyak omong kosong anda. https://t.co/fi3MGX5xjM","1827129630069063761","https://pbs.twimg.com/media/GVtEtR8a8AAqoVV.jpg","jokowi","in","Tebet, Indonesia","0","0","0","https://x.com/RendangOtentik/status/1827129630069063761","1669598694143037442","RendangOtentik"
"1827129572250546378","Fri Aug 23 23:43:31 +0000 2024","2","pemabukpantes mukanya item #IndonesiaEmergencyDemocracy #TolakPilkadaAkal2an #TolakPolitikDinasti Jokowi &amp; friends","1827129572250546378","","","in","di atas tanah menuju langit","0","0","1","https://x.com/FitraYouse/status/1827129572250546378","1604019750874812417","FitraYouse"
"1826957796899733739","Fri Aug 23 23:43:05 +0000 2024","0","@Outstandjing Bro benar-benar berpikir manuvernya kali ini benar lu tau kenapa banyak yang memilih 02? Alasan mereka ya karena Prabowo. Mereka tutup mata banyak kecurangan ya karena Prabowo seperti Jokowi yang menunggangi PDIP. Pada akhirnya ini hanyalah perputaran kehidupan","1827129465128067492","","Outstandjing","in","","0","0","0","https://x.com/okesipgitu/status/1827129465128067492","1266648664472039426","okesipgitu"
"1827129460283621743","Fri Aug 23 23:43:04 +0000 2024","0","Dogma kacung manusia Gurun agama biadab @mohmahfudmd @MajelisUlamaID @MUIPusat @Kemenag_RI @DPR_RI @Itjen_Kemdikbud @kemkominfo @PolhukamRI @Kemendagri_RI @jokowi @nadiemmakarim @Kemdikbud_RI @na_dirs @DivHumas_Polri @KomnasHAM @aagym @BNPTRI @KPAI_official @ListyoSigitP?","1827129460283621743","","","in","Blue Earth, MN","0","0","0","https://x.com/jelasbukanonta/status/1827129460283621743","2687473422","jelasbukanonta"
"1826986730219765782","Fri Aug 23 23:43:04 +0000 2024","1","@Hm45T @H4T14K4LN4L42 @DPR_RI @jokowi Klo gak mau disalahkan jgn jd pemimpin. Jd tukang becak sj cocok buat dinasti jokowi n buzer2nya.","1827129460161966500","","Hm45T","in","Entre R√≠os, Argentina","0","0","0","https://x.com/thomaschan456/status/1827129460161966500","1657741702353018882","thomaschan456"
"1826861173222113440","Fri Aug 23 23:43:00 +0000 2024","0","@is_pelssy Itu si botak ahoker di kontroversi metro udah mulai ngarang 90% yg demo di dpn DPR kmrn adlh tadinya pendukung jokowi... Gimana caramu bisa dpt angka 90%","1827129443535745184","","is_pelssy","in","Bandung, Jawa Barat","0","0","0","https://x.com/nisma_mokhtar/status/1827129443535745184","990658484193513473","nisma_mokhtar"
"1827129423168204834","Fri Aug 23 23:42:55 +0000 2024","19","Cara Cerdas Konten Kreator Kristo Immanuel Sentil RUU Pilkada dengan Tirukan Suara Jokowi https://t.co/7u49X1VRwf","1827129423168204834","","","in","","0","1","13","https://x.com/OposisiCerdas/status/1827129423168204834","887743587579944960","OposisiCerdas"
"1827128422675706213","Fri Aug 23 23:38:57 +0000 2024","0","Iya juga sih. PDIP yang bawa Jokowi ke Jakarta","1827128422675706213","","","in","","0","0","0","https://x.com/rachardiana_ayu/status/1827128422675706213","1606101187488776192","rachardiana_ayu"
"1826686668679925851","Fri Aug 23 23:38:55 +0000 2024","0","@ZulkifliLubis69 @officialMKRI @gibran_tweet @jokowi @kaesangp @DPR_RI Kurang ajar sekarang mah","1827128416430387376","","ZulkifliLubis69","in","Out of Jakarta - Indonesia","0","0","0","https://x.com/widy1892/status/1827128416430387376","438474388","widy1892"
"1826993126059454667","Fri Aug 23 23:38:48 +0000 2024","0","@sienchao @Anak__Ogi @Kimberley_PS08 @tham878 @jokowi Kalau mengikuti tulisan anda semua sudah setuju kenapa tidak langsung disahkan. Apakah lebih penting revisi uu pilkada dibandingkan ruu perampasan aset? Tanpa perlu googling cukup berpikir rasional","1827128385405157756","","sienchao","in","","0","0","0","https://x.com/Amotsky/status/1827128385405157756","217651975","Amotsky"
"1826986730219765782","Fri Aug 23 23:38:36 +0000 2024","1","@H4T14K4LN4L42 @redflower82 @DPR_RI @jokowi Tapi sayang yg posting munafik bencis dan blaass","1827128335950135387","","H4T14K4LN4L42","in","","0","0","0","https://x.com/1971Oepick/status/1827128335950135387","1559449657537097729","1971Oepick"
"1827009678980911496","Fri Aug 23 23:38:31 +0000 2024","0","@yogi_bubu Skalipun rekam jejak PS08 pernah ditikam dr belakang sama mega dan jokowi. Gua msh ga yakin PS08 bls dendam malah berharap jd jalan tengah antara mega &amp; jokowi. Andai benar 08 turun tangan dlm pembatalan RUU kemarin pun gua rasa ya pyur krn ga mau keributan ini membesar.","1827128317457396239","","yogi_bubu","in","Diberanda aja ga buka DM !!","0","1","0","https://x.com/iTeam_P4/status/1827128317457396239","1555372999393435648","iTeam_P4"
"1827126815363887316","Fri Aug 23 23:38:25 +0000 2024","0","Sebenarnya gambling juga PDIP - Gerindra waktu itu memajukan Pak Jokowi dan Pak Ahok sebenarnya Karena Pak Ahok ini merupakan seorang Kristen Protestan Waktu itu udah rame dan aku ngeh banget bahwa saat itu banyak sentimen negatif terkait Pemimpin Non Muslim","1827128289431056584","","admkuznetsov45","in","Jakarta,Indonesia","0","1","0","https://x.com/admkuznetsov45/status/1827128289431056584","1569607129","admkuznetsov45"
"1826971637159489983","Fri Aug 23 23:38:20 +0000 2024","0","@Belalangimutt @PreciosaKanti @kaesangp @Uki23 @grace_nat @jokowi Plus gak tau malu !","1827128267650036061","","Belalangimutt","in","England, United Kingdom","0","0","0","https://x.com/byubyu7/status/1827128267650036061","1162625966759272448","byubyu7"
"1827128251560685741","Fri Aug 23 23:38:16 +0000 2024","0","@jokowi lagunya cocok untuk keluargamu Mul.","1827128251560685741","","jokowi","in","S E L E C T I V E","0","0","0","https://x.com/skdmlrhwy/status/1827128251560685741","1469454368185352195","skdmlrhwy"
"1827128163878760695","Fri Aug 23 23:37:55 +0000 2024","0","temen gw kemarin bilang tetep aja nes aku kasian kalo jokowi dihujat kaya gt sama netizen dan gw jawab dih ogah politik dinasti meninggal aja dah tu sekeluarga ","1827128163878760695","","","in","rant ","0","1","0","https://x.com/thefeastt/status/1827128163878760695","1690771247041576960","thefeastt"
"1827127667386438041","Fri Aug 23 23:37:52 +0000 2024","1","@jokowi MALU KEK LO AH BANGSAT!","1827128152675733847","","cahayadeli_s","in","","0","0","0","https://x.com/cahayadeli_s/status/1827128152675733847","1128299361975226368","cahayadeli_s"
"1827017007331721326","Fri Aug 23 23:37:48 +0000 2024","0","@leonagustine @jokowi Sudah terlatih mentalnya.","1827128135013560336","","leonagustine","in","ìÇ∫","0","0","0","https://x.com/idosdr/status/1827128135013560336","88379430","idosdr"
"1827013781601599640","Fri Aug 23 23:37:45 +0000 2024","0","@prophetofzorck kok doi bisa kenal orang dalam yes ini beneran apa cuma biar bersihin trending topic biar gk ada nama jokowi tapi adanya mulyono masyarakat indo emang terkenal suka banget ke gosip2 klenik gampang banget dialihin pake isu2 itu","1827128121499512871","","prophetofzorck","in","Buahbatu & Rancaekek, Bandung","0","0","0","https://x.com/Bakmi_AMI/status/1827128121499512871","1595430233876103171","Bakmi_AMI"
"1827128120803258535","Fri Aug 23 23:37:45 +0000 2024","0","Padahal jokowi tinggal suruh si pisang mundur dari urusan pilkada ini bikin statement kalo kaesang ga akan ikut pilkada KARENA USIA BELUM MENCUKUPI. Udah gitu doang mulyono","1827128120803258535","","","in","","0","0","0","https://x.com/kartikadiany_/status/1827128120803258535","1436895750470848514","kartikadiany_"
"1827033122086510815","Fri Aug 23 23:37:36 +0000 2024","1","@tanyakanrl ga kaget sih orang tiktok tuh emg penyepong keluarga jokowi.","1827128086145724898","","tanyakanrl","in","","0","0","1","https://x.com/cipapuyoowl/status/1827128086145724898","1807695771720118272","cipapuyoowl"
"1826575332410830917","Fri Aug 23 23:37:19 +0000 2024","0","@ferrykoto Lu aja yang goblok.. jilat anus Jokowi ","1827128015165485133","","ferrykoto","in","","0","0","0","https://x.com/gurusayur/status/1827128015165485133","1175720914240987136","gurusayur"
"1827126815363887316","Fri Aug 23 23:37:08 +0000 2024","0","Blusukan ini yang sebenarnya membuat ya Pak Jokowi itu naik nama banget sehingga memenangkan Pilgub DKI Jakarta 2012 Dan pada saat itu juga bisa dibilang trend kampanye Social Media itu mulai rame Makanya ada namanya JASMEV (Jokowi Ahok Social Media Volunteers)","1827127965739860198","","admkuznetsov45","in","Jakarta,Indonesia","0","1","0","https://x.com/admkuznetsov45/status/1827127965739860198","1569607129","admkuznetsov45"
"1826820699518108023","Fri Aug 23 23:37:03 +0000 2024","2","@FDonghun Suruh aj Jokowi bikin perpres nya bego amat yg lain bisa yg satu ini ko dia bikin ribet","1827127944688624024","","FDonghun","in","","0","0","0","https://x.com/SeriDianawati/status/1827127944688624024","1629050677795368960","SeriDianawati"
"1827123654922276957","Fri Aug 23 23:34:57 +0000 2024","57","@OposisiCerdas Ahok bakal KO..dulu menang pilgub kala jokowi namanya lagi sdg booming..skrg jangan diharap berpikir 2x lah @PDI_Perjuangan","1827127419637248397","","OposisiCerdas","in","Indonesia","0","4","4","https://x.com/MT93990025/status/1827127419637248397","1119744609007980544","MT93990025"
"1824944064061755707","Fri Aug 23 23:34:51 +0000 2024","0","@bk_jackBK @MasterMons36 @VIVAcoid @jokowi @aniesbaswedan Hahaha ga ada yg follow ente karena lu Tolol. Dah gt aja. Dah ya. Dah puas gw tolol tololin ente kaum bani cebong dan satu lagi. Kaum kadrun ga punya presiden yg jadi bahan olok2an dongok dan olangak plongok. Jd yg tolol itu kaum ente wkwkwk. ","1827127394920231137","","bk_jackBK","in","Jakarta Capital Region","0","1","0","https://x.com/presideninsyaf/status/1827127394920231137","1683795121228353539","presideninsyaf"
"1827127387731194362","Fri Aug 23 23:34:50 +0000 2024","0","they might think we're powerless. we can't unite just like them who are one in political party(ies). but what a fucking government. jgn sampe rakyat beneran kasih paham dgn cara yg gamungkin kalian suka. lu semua tikus2 berkedok kerja di dpr/mpr kacung jokowi harus dibasmi!","1827127387731194362","","","in","","0","0","0","https://x.com/moncheri3_3/status/1827127387731194362","1522266470914596864","moncheri3_3"
"1827127386745508019","Fri Aug 23 23:34:50 +0000 2024","0","KPK udah dilemahkan makannya dia pede nyuri duit rakyat di tengah hari. Trah Jokowi gila semua","1827127386745508019","","","in","","0","0","0","https://x.com/b3f3f2/status/1827127386745508019","1194752926306033664","b3f3f2"
"1827007892203221301","Fri Aug 23 23:34:32 +0000 2024","0","@detikcom emang ada yang percaya elo mul ?? @jokowi","1827127314079216052","","detikcom","in","","0","0","0","https://x.com/riksayuda/status/1827127314079216052","238476548","riksayuda"
"1826993126059454667","Fri Aug 23 23:34:30 +0000 2024","0","@Anak__Ogi @Kimberley_PS08 @tham878 @jokowi Biarkan mereka dengan segala ketololannya bang !","1827127302775505016","","Anak__Ogi","in","","0","0","0","https://x.com/DadangBudiman14/status/1827127302775505016","1627675371473862658","DadangBudiman14"
"1827127292637933873","Fri Aug 23 23:34:27 +0000 2024","0","Para pemuja Jokowi yang akhirnya berbalik menentang setelah 10 tahun kalian ini meniru Fir'aun yang baru bertaubat disaat sakharatul maut. Percuma.","1827127292637933873","","","in","Bandung, Jawa Barat","0","0","0","https://x.com/ArdaChandra10/status/1827127292637933873","1640594096665530369","ArdaChandra10"
"1826751290082558029","Fri Aug 23 23:34:18 +0000 2024","3","@LeilaLylie @surasujaya @Nurulkjo1 @dyahNeZza @LibraLuv3 @SandraUnie @Safa_Andriana @DestaMega27 @tedy_bambang @Muslim_AntiPKI9 @misssky__ @NenkMonica @NenengA14754337 @jokowi @mulyon0 Gegayaan sik sok berani mo ikut naek gunung basah dah tuh celana https://t.co/z8pWt3pTw9","1827127256340427168","https://pbs.twimg.com/ext_tw_video_thumb/1827127226418208768/pu/img/bL8Ljak-iZ7VwjWy.jpg","LeilaLylie","in","ÏúÑÏò¨ÎπºÎØ∏·≠ÑÃ¥ÃÇÃãÃóÃßÃ§ÃôÕçÃ≠Ã¢ÕÖÃ≠Õñ","0","1","0","https://x.com/nulbesars/status/1827127256340427168","1495977225598169089","nulbesars"
"1826999608003965000","Fri Aug 23 23:34:10 +0000 2024","0","@MurtadhaOne1 Satu kata untuk jongos @jokowi satu ini:","1827127221410308397","","MurtadhaOne1","in","","0","0","1","https://x.com/nyudonyowo/status/1827127221410308397","1702010102","nyudonyowo"
"1826955319811170373","Fri Aug 23 23:34:08 +0000 2024","5","@DwinaSoepaat @5teV3n_Pe9eL @AdamVelcro @_jacobson91 @AiraNtieReal @aly_benzema @LihyaStore Pendukung jokowi kenapa rata2 para pro israel yaa Combo bgtt https://t.co/fcpJWJ04gw","1827127211343933745","https://pbs.twimg.com/media/GVtChBIa8AE8Rk9.jpg","DwinaSoepaat","in","","0","1","1","https://x.com/hilmanazmi/status/1827127211343933745","89658244","hilmanazmi"
"1827127205463519368","Fri Aug 23 23:34:06 +0000 2024","45","Siapa Itu Widjiatno Notomihardjo yang Trending di X? Ada Kaitannya dengan Jokowi https://t.co/P0Uqzdd7hC","1827127205463519368","","","in","","1","7","34","https://x.com/OposisiCerdas/status/1827127205463519368","887743587579944960","OposisiCerdas"
"1826958614348845290","Fri Aug 23 23:33:50 +0000 2024","0","@CeciliaSuwanda1 @JNotobotosongo @Leonita_Lestari Yg sindrom sakit jiwa itu fitnah dan ngatain Jokowi dan keluarga Kalo pilpres kmrn fitnah ibu negara di adu dgn alm ibunda Jokowi Skrg ibu2 yg lagi hamil muda Tinggal liat aja ke depan nya gmn","1827127137855533499","","CeciliaSuwanda1","in","Bogor, Jawa Barat","0","0","0","https://x.com/Endy_prayudi/status/1827127137855533499","1691562647261732867","Endy_prayudi"
"1827126815363887316","Fri Aug 23 23:33:42 +0000 2024","0","Kenapa rising stars pada zaman nya ? karena pada zaman itu Pak Jokowi berhasil mengalahkan Gubernur DKI Jakarta Pak Fauzi Bowo alias Foke Foke itu pinter S1-S3 di Jerman Sekda Wakil Gubernur lalu Gubernur dan akhirnya jadi Duta Besar Jerman ketika era Kepresidenan Jokowi","1827127105437708701","","admkuznetsov45","in","Jakarta,Indonesia","0","1","0","https://x.com/admkuznetsov45/status/1827127105437708701","1569607129","admkuznetsov45"
"1826993126059454667","Fri Aug 23 23:33:28 +0000 2024","0","@Anak__Ogi @Kimberley_PS08 @tham878 @jokowi Narasi mereka senada semua ... ","1827127044456751458","","Anak__Ogi","in","","0","0","0","https://x.com/Kaumbiasasaja/status/1827127044456751458","401705387","Kaumbiasasaja"
"1827125732688195603","Fri Aug 23 23:28:15 +0000 2024","0","Udah ga abis pikir sama kelakuan kalian @jokowi @gibran_tweet @kaesangp","1827125732688195603","","","in","Jakarta's ","0","0","0","https://x.com/leftysikes/status/1827125732688195603","187091566","leftysikes"
"1826905720568365367","Fri Aug 23 23:28:15 +0000 2024","0","@fxdhilrxm @elisa_jkt @astarideliaa Mulyono dong bukan jokowi tololl","1827125731551539633","","fxdhilrxm","in","","0","0","0","https://x.com/iyaiyahahaa/status/1827125731551539633","1544133944819429377","iyaiyahahaa"
"1827101874841174265","Fri Aug 23 23:28:12 +0000 2024","1","@NOTASLIMBOY Prabowo kalau mau aman tinggalkan jokowi sekarang juga senjakala si Tukang kayu sudah diambang pintu","1827125717638971833","","NOTASLIMBOY","in","Rokan Hilir, Riau","0","0","0","https://x.com/AfajumadiJoe/status/1827125717638971833","2260003674","AfajumadiJoe"
"1826980593260957863","Fri Aug 23 23:27:58 +0000 2024","0","@satriohendri Pengamat klo kegemukan ya begini amatannya meleset terus..seperti survey nya yg meleset terus... Penguasa berganti tapi dendamu pada Jokowi kau bawa sampai kau kurus..","1827125660231594286","","satriohendri","in","","0","0","0","https://x.com/OjiNoel/status/1827125660231594286","1606489216275591170","OjiNoel"
"1826928403607646470","Fri Aug 23 23:27:58 +0000 2024","0","@Anak__Ogi @Lembayung071 @jokowi Goblok emang suruh anter marcel #kawalkeputusanMK","1827125659698917455","","Anak__Ogi","in","bejen kajeksan kudus","0","0","0","https://x.com/kawanan_/status/1827125659698917455","61423439","kawanan_"
"1826993126059454667","Fri Aug 23 23:27:55 +0000 2024","0","@Anak__Ogi @Kimberley_PS08 @tham878 @jokowi Itu orang otaknya dikit... Cuma bisa ngelonte di politik... Hehehehe... Koalisi KIM Plus lebih 80 persen minta pengesahan RUU sama pendemo!!! Salah nyepong Lo @Kimberley_PS08 !!! Hehehehe...","1827125646981787961","","Anak__Ogi","in","","0","0","0","https://x.com/rikiAiza/status/1827125646981787961","1671156984761155586","rikiAiza"
"1827125646151332030","Fri Aug 23 23:27:55 +0000 2024","0","@ListyoSigitP @jokowi tanggung jawab Lo !!","1827125646151332030","","ListyoSigitP","in","","0","0","0","https://x.com/riksayuda/status/1827125646151332030","238476548","riksayuda"
"1826993126059454667","Fri Aug 23 23:27:51 +0000 2024","4","@Anak__Ogi @Kimberley_PS08 @tham878 @jokowi Buzzer2 Jokowi di bnyk timeline koor mangap knp mhsw tdk demo dorong RUU Peranpasan Aset. Mrk lupa yg nyandera DPR itu ya si Wiwi. Antek2 Wiwi di DPR kalau bahas Revisi Pilkada gercep tp macet utk RUU Perampasan Aset? Ya itu maunya Jokowi takut hartanya dirampas.","1827125630653342040","","Anak__Ogi","in","Jakarta","0","0","0","https://x.com/AhmadLutfhii/status/1827125630653342040","789672320604319744","AhmadLutfhii"
"1827125496624427457","Fri Aug 23 23:27:19 +0000 2024","0","Kalo gini terus ya.. Jokowi terguling dari Presiden dan Prabowo bisa batal jadi Presiden.. #SesuaiHarapanku Sekali kayuh 2-3 pulau terlewati","1827125496624427457","","","in","","0","0","0","https://x.com/sinagano2/status/1827125496624427457","1548994272808304642","sinagano2"
"1826817328102998414","Fri Aug 23 23:27:17 +0000 2024","1","@setkabgoid @jokowi @officialMKRI @KPU_ID @gibran_tweet @DPRRI @DKPP_RI Ini mau diulang lg kau SOMBONG RAJA JAWA kau akalin lg ptsn MK 60&amp;70 DGN MENYURUH @DPR_RI KIM revisi uu pilkada tp MEMBANGKANG ptsn MK dgn memakai ptsn MA demi @kaesangp ikut pilkada kedoknya kebongkar semua SEKARANG @jokowi LU ANGGAP INI NEGARA PUNYA NENEK MOYANG LU !!! https://t.co/OBGqrYWnh9","1827125489020113203","https://pbs.twimg.com/media/GVtAy6La8AAlfjp.jpg","awiyanto65","in","","0","0","0","https://x.com/awiyanto65/status/1827125489020113203","1507008029556097028","awiyanto65"
"1827125451099402377","Fri Aug 23 23:27:08 +0000 2024","0","Gak pernah kemakan janji jokowi gak pernah nangisin prabowo gak pernah gemes sama jan ethes","1827125451099402377","","","in","Kalimantan Selatan, Indonesia","0","0","0","https://x.com/lilbitfragile/status/1827125451099402377","610904123","lilbitfragile"
"1827050027551953296","Fri Aug 23 23:26:57 +0000 2024","0","@NarasiNewsroom Ga takut kena azab karena dzolim pada rakyat yg bayarin gaji n fasilitas kalian @DivHumas_Polri @ListyoSigitP @ahriesonta @jokowi ???????????","1827125406379684048","","NarasiNewsroom","in","Kota Kinabalu, Sabah","0","0","0","https://x.com/wahyu_djanti88/status/1827125406379684048","894085686470483968","wahyu_djanti88"
"1827125375530627575","Fri Aug 23 23:26:50 +0000 2024","0","Anak PKI...???...VIDEO Terungkap Nama Asli Kelahiran Jokowi Mulyono bin Widjianto Notomihardjo Diubah karena ini https://t.co/zx9IQJ0cwA","1827125375530627575","","","in","","0","0","0","https://x.com/agungtriat53466/status/1827125375530627575","1754796187893514240","agungtriat53466"
"1826953745827307848","Fri Aug 23 23:25:41 +0000 2024","0","@kemalpalevi Nanti klu ada buku sejarah yg ngebela bela Jokowi pokoknya kita saksinya ya ges ya","1827125087176368381","","kemalpalevi","in","","0","0","0","https://x.com/Insom_me/status/1827125087176368381","1259127498090012672","Insom_me"
"1826541915996913810","Fri Aug 23 23:25:19 +0000 2024","0","@xquitavee @jokowi Mmg borjong","1827124993945432168","","xquitavee","in","","0","0","0","https://x.com/Sibitopasaribu/status/1827124993945432168","1638326073330110464","Sibitopasaribu"
"1827114914890097040","Fri Aug 23 23:25:18 +0000 2024","0","@tanyakanrl misalkan knp jokowi dl mulyono nama kecilnya. bukan tarji apa tarjo Ô∏è","1827124989474271585","","tanyakanrl","in","","0","0","0","https://x.com/RerereStrong/status/1827124989474271585","1407653187310350340","RerereStrong"
"1827124938953884058","Fri Aug 23 23:25:06 +0000 2024","0","Udah makan uang haramnya Jokowi...kalau cerdas dia akan diam aja saat ini pura2 gak dapat jatah..tapi karena tolol jadi kaya gini...","1827124938953884058","","","in","Bekasi Timur, Indonesia","0","0","0","https://x.com/nalsya_aldi/status/1827124938953884058","1603684422393688064","nalsya_aldi"
"1827121182660796901","Fri Aug 23 23:25:05 +0000 2024","0","@sbyfess Pada nyesel ga sih yg pilih jokowi 2 periode kmrn? Klo gw sih Yess","1827124933128024327","","sbyfess","in","","0","1","0","https://x.com/RXKing1977/status/1827124933128024327","1708721784537985024","RXKing1977"
"1826929562594509180","Fri Aug 23 23:24:53 +0000 2024","1","@B4dutP0l1t1k Kenyataannya Jokowi tak ada PDI hanya tukang kayu bos...Jokowi terkesan menang ya karena nusuk dari belakang gitu aja kok repot....setelah Oktober Jokowo hanyut ke laut....PDI masih tetap partai....","1827124883735949719","","B4dutP0l1t1k","in","","0","1","0","https://x.com/petang78/status/1827124883735949719","1504855770697183234","petang78"
"1827124879277355384","Fri Aug 23 23:24:52 +0000 2024","0"," Jokowi Ikuti Putusan MK arti sebenarnya apa gengs?","1827124879277355384","","","in","","0","0","0","https://x.com/uberfunk/status/1827124879277355384","29174587","uberfunk"
"1827123278630310059","Fri Aug 23 23:24:48 +0000 2024","0","in my case pas sd sempet pny guru yg suka jelasin politik indo dan malah bikin temen2 ku jd gasuka sm jokowi. jokowi hater lah pada saat itu apa2 jd jelek smuanya n they tried to find siapa yg jd tokoh protagonisnya yg kontradiktif ama jkw buat jd savior","1827124864618262707","","gloomy_oh34975","in","","0","1","0","https://x.com/gloomy_oh34975/status/1827124864618262707","1801419960688001024","gloomy_oh34975"
"1826787330122023291","Fri Aug 23 23:24:47 +0000 2024","0","@tempodotco Ternyata pak jubir ini sudab cepat sekali belajar rumus kebalikan dari jokowi. Bukannya Mendagri nya sudah ikutan di DPR untuk itu?? Fakta dokumentasi tidak bisa dihapus Pak.","1827124860612677786","","tempodotco","in","Indonesia","0","0","0","https://x.com/pembelajar010/status/1827124860612677786","855348371128700928","pembelajar010"
"1826617088976585012","Fri Aug 23 23:24:22 +0000 2024","0","@hani_titik Njir gk ada bedanya sama Jokowi..puja terus sampai kau jilat anus nya","1827124752965890126","","hani_titik","in","","0","0","0","https://x.com/kadek_puri40774/status/1827124752965890126","1797135319369920512","kadek_puri40774"
"1827124725505810863","Fri Aug 23 23:24:15 +0000 2024","0","@jokowi @bahlillahadalia @PartaiGolkar NIKMATNYA MAKAN UANG RAKYAT..ENJOYYY LIFE IS GOOD EEAAA...","1827124725505810863","","jokowi","in","","0","0","0","https://x.com/gracek014/status/1827124725505810863","1304405888698970113","gracek014"
"1826994121355235518","Fri Aug 23 23:24:13 +0000 2024","0","@H4T14K4LN4L42 @jokowi Awal dari jilid-2","1827124714906775588","","H4T14K4LN4L42","in","","0","0","0","https://x.com/sanginovatif1/status/1827124714906775588","3010773014","sanginovatif1"
"1826993126059454667","Fri Aug 23 23:23:49 +0000 2024","2","@Amotsky @Anak__Ogi @Kimberley_PS08 @tham878 @jokowi Cecunguk itu ga tau apa itu Perpu lae hny kader @PDemokrat sgt paham Perpu https://t.co/QtBH7FrX4b","1827124616038641963","https://pbs.twimg.com/media/GVtAJ9Ga8AAM658.jpg","Amotsky","in","","0","1","0","https://x.com/bonapasogit24/status/1827124616038641963","1741650995313295360","bonapasogit24"
"1827124563752448167","Fri Aug 23 23:23:36 +0000 2024","0","Ini wartwannya The biggest hate keluarga jokowi memasak terus","1827124563752448167","","","in","just a normal lad from","0","0","0","https://x.com/sselesser/status/1827124563752448167","1532146577691004933","sselesser"
"1827124464687181845","Fri Aug 23 23:23:13 +0000 2024","0","Si goblok malah memperjelas . Ah tae turun aja lah jokowi. Adili abis ini rumah pensiun di penjara. Ama 2 anak dan 1 mantunya","1827124464687181845","","","in","","0","1","0","https://x.com/siska_kurosaki/status/1827124464687181845","1226866195560714241","siska_kurosaki"
"1826917464258883907","Fri Aug 23 23:22:59 +0000 2024","0","@adnardn Nyebut nama jokowi = -1000 aura","1827124407602704692","","adnardn","in","","0","0","0","https://x.com/Mdka67096/status/1827124407602704692","1750298427244912640","Mdka67096"
"1826905833625829696","Fri Aug 23 23:22:36 +0000 2024","0","@GunRomli Buanglah peny paranoid yg akan mnyusahkan n mnyakiti dirimu sndri. Pres Jokowi blg hormati putusan Yudikatif beliau jg tdk cawe2 urusan kaesang.","1827124309003006318","","GunRomli","in","","0","0","0","https://x.com/QSyehbu/status/1827124309003006318","1669911107497234432","QSyehbu"
"1826686668679925851","Fri Aug 23 23:22:27 +0000 2024","0","@ZulkifliLubis69 @officialMKRI @gibran_tweet @jokowi @kaesangp @DPR_RI Ajg jijik bngetttt","1827124272197935473","","ZulkifliLubis69","in","","0","0","0","https://x.com/Selatanside/status/1827124272197935473","1367072964399693824","Selatanside"
"1826940084740039049","Fri Aug 23 23:22:18 +0000 2024","0","@AyatulH86561504 @ch_chotimah2 @jokowi Nah keliatan B &amp; T nya lu kan. Sedih org Indonesia masih di bwh rata2 https://t.co/WUOBani9Id","1827124236449910891","https://pbs.twimg.com/media/GVs_zSHXgAAcDuQ.png","AyatulH86561504","in","Jakarta Selatan, DKI Jakarta","0","1","0","https://x.com/AbyAlthaf/status/1827124236449910891","1280376253896245249","AbyAlthaf"
"1827002202679840830","Fri Aug 23 23:22:17 +0000 2024","0","@BudiBukanIntel Wahh saya kaget bang pak @jokowi bicara BENAR seperti itu tapi nanti saya ga kaget klo faktanya seperti yg sudah2","1827124232213745708","","BudiBukanIntel","in","","0","0","0","https://x.com/gundalaputrabah/status/1827124232213745708","1654640536119287808","gundalaputrabah"
"1827124191528964569","Fri Aug 23 23:22:08 +0000 2024","0","berarti jokowi tidak menjamin tidak akan menerbitkan perppu lalu kepikiran untuk membuat perppu","1827124191528964569","","","in","icon credit: bianjiaoliao","0","0","0","https://x.com/oflandaus/status/1827124191528964569","1189017319793577984","oflandaus"
"1826940984011502011","Fri Aug 23 23:22:02 +0000 2024","2","@BosPurwa Mas Jokowi hati2 ! Habis ini masuk bui .","1827124169303322639","","BosPurwa","in","","0","0","0","https://x.com/Yopras69Y/status/1827124169303322639","1558029381163167744","Yopras69Y"
"1827114914890097040","Fri Aug 23 23:21:27 +0000 2024","0","@tanyakanrl Kualisi Jokowi yg mau ubah mul","1827124019151446039","","tanyakanrl","in","","0","0","0","https://x.com/ilhamlatief112/status/1827124019151446039","1801440393382506496","ilhamlatief112"
"1826587441735893339","Fri Aug 23 23:21:12 +0000 2024","0","@deddysitorus Mungkin pak @jokowi ingin mengakhiri masa jabatannya dengan si tawur rakyatnya sendiri..","1827123958212391231","","deddysitorus","in","","0","0","0","https://x.com/black32277/status/1827123958212391231","1694737665684561920","black32277"
"1826541915996913810","Fri Aug 23 23:21:05 +0000 2024","0","@xquitavee @jokowi Itu..itu.. ah susah ngomong'a","1827123926604116419","","xquitavee","in","","0","0","0","https://x.com/HaeuHery/status/1827123926604116419","1111540143423315968","HaeuHery"
"1827123882048024792","Fri Aug 23 23:20:54 +0000 2024","0","Polisi punya senjata dari rakyat... Dengan senjata itu mereka menyakiti rakyat... Duh.. Gegara membela anaknya Jokowi..","1827123882048024792","","","in","","0","0","0","https://x.com/sinagano2/status/1827123882048024792","1548994272808304642","sinagano2"
"1826832598137479582","Fri Aug 23 23:20:54 +0000 2024","0","@UusRsd Sekali Sesaat berpikir boleh. Namanya manusia Tp ini lu bablas! Dukung Jokowi anjir!","1827123880919765266","","UusRsd","in","","0","0","0","https://x.com/ir_dens/status/1827123880919765266","1602058948441690112","ir_dens"
"1826751290082558029","Fri Aug 23 23:20:43 +0000 2024","3","@surasujaya @nulbesars @Nurulkjo1 @dyahNeZza @LibraLuv3 @SandraUnie @Safa_Andriana @DestaMega27 @tedy_bambang @Muslim_AntiPKI9 @misssky__ @NenkMonica @NenengA14754337 @jokowi @mulyon0 Duuuh basah deh Teh...","1827123836413997314","","surasujaya","in","","0","1","0","https://x.com/LeilaLylie/status/1827123836413997314","1233539235870699520","LeilaLylie"
"1826932264833532195","Fri Aug 23 23:20:40 +0000 2024","54","@dennyindrayana @syafrialdasri38 Berapa hari lagi Raja Jawa jokowi bertahan? Demolah tiap hari bergantian tiap elemen bangsa. Saatnya seluruh elemen pejuang perubahan bersatu galang konsolidasi/bersiap turun ke jalan. Selamatkan NKRI/kedaulatan rakyat dari kekuasaan jahat Jokowi. https://t.co/66P1nmABw4","1827123822677651567","","dennyindrayana","in","Tolak! Indonesia di komuniskan","1","4","18","https://x.com/ForRezim/status/1827123822677651567","1482600556669460485","ForRezim"
"1826463067359629454","Fri Aug 23 23:20:22 +0000 2024","0","@glempo_jo @alpokatmentega @jokowi ùïÄùï•ùï¶ ùïïùï†ùïí ùïìùïíùïòùï¶ùï§ ùïìùïíùïòùïö ùï£ùïíùïúùï™ùïíùï• ùïöùïüùïïùï†ùïüùïñùï§ùïöùïí ùïïùïñùïûùïö ùïïùïñùïûùï†ùïúùï£ùïíùï§ùïö ","1827123749491228992","","glempo_jo","in","Bandar Lampung, Lampung","0","0","0","https://x.com/tonocahndeso/status/1827123749491228992","1718118175295041536","tonocahndeso"
"1826962956615401806","Fri Aug 23 23:20:19 +0000 2024","0","@rgantas kan gw bilang apaa.. 02 ini gak sadar apa yg terjadi saat ini tu nyambung sama apa yg dia pilih kemaren. mereka berpikir yg terjadi sekarang berbeda dengan apa yg mereka pilih. mendukung prabowo-gibran tidak berarti mendukung jokowi lu pikir gibran anaknya anies?","1827123736417595903","","rgantas","in","Jakarta Capital Region","0","0","0","https://x.com/papamekdi/status/1827123736417595903","1560336998593835010","papamekdi"
"1826955762733855195","Fri Aug 23 23:19:56 +0000 2024","0","@xquitavee @jokowi @kaesangp Terlalu dungu orang ini jadi politikus. Buat apa UU kalian udek udek kalau tidak ada niat jahat. Udah kesekian kali lho!!!!.","1827123639776636990","","xquitavee","in","","0","0","0","https://x.com/MangapulRumapea/status/1827123639776636990","1563368666343030784","MangapulRumapea"
"1826751290082558029","Fri Aug 23 23:19:56 +0000 2024","3","@surasujaya @Nurulkjo1 @nulbesars @dyahNeZza @LibraLuv3 @SandraUnie @Safa_Andriana @DestaMega27 @tedy_bambang @Muslim_AntiPKI9 @misssky__ @NenkMonica @NenengA14754337 @jokowi @mulyon0 Pagii Teh Neng...","1827123637859787141","","surasujaya","in","","0","0","0","https://x.com/LeilaLylie/status/1827123637859787141","1233539235870699520","LeilaLylie"
"1826908272432996533","Fri Aug 23 23:19:48 +0000 2024","0","@liaasister @Ayang_Lagi6 Ini benar? masyaa Allah luar biasa kalo Rakyat bertindak. Beruntung lu @jokowi punya Rakyat Sabar Sabar.","1827123604842279411","","liaasister","in","","0","2","0","https://x.com/dedeesetya/status/1827123604842279411","3112052178","dedeesetya"
"1826820303022141726","Fri Aug 23 23:19:41 +0000 2024","0","@aftrwithme ...Cuma 1 5 jam nulis'y. Tapi sambil liatin foto keluarga Jokowi mungkin itu yg bikin jadi lancar... (`` )","1827123575301796068","","aftrwithme","in","Bukan Penganut Agama Islam","0","0","0","https://x.com/kafiradikalis/status/1827123575301796068","1242374351078354944","kafiradikalis"
"1826562330873725300","Fri Aug 23 23:19:36 +0000 2024","0","@Chenot1198760 @Opposite6888 @jokowi Mamak kau di NGEWE sama JOKOWI","1827123554917441921","","Chenot1198760","in","","0","0","0","https://x.com/RidhoHi49220358/status/1827123554917441921","1817938465566380033","RidhoHi49220358"
"1826779127170695395","Fri Aug 23 23:19:34 +0000 2024","1","@is_pelssy @SR_VIDHI @Catatan_ali7 @ArgentianaA @TheDamaiKopiku @acarnanashh @ariarjiwinata02 @musksigit @ismedBadjeber Karena anak beranak jokowi Mau ikut mendapat jabatan Terus jokowi hebat Jokowi bisa atur semua Begitu hebatkah jokowi Sehingga bisa atur semua Seperti kehendak dia Prabowo menang Sedikitpun bukan karena jokowi Jokowi betul jadi presiden Bukan karena dia Maka jadi presiden","1827123547585835466","","is_pelssy","in","","0","0","0","https://x.com/DayangIndah4/status/1827123547585835466","1376172927679221766","DayangIndah4"
"1826463067359629454","Fri Aug 23 23:19:32 +0000 2024","0","@alpokatmentega @jokowi Semoga berbalik kepadamu dan semua yg dukung mu.presiden itu pemimpin.jgn basing2 doain orang hidup mati.","1827123536303157297","","alpokatmentega","in","","0","0","0","https://x.com/eli_bayung/status/1827123536303157297","1470017637769879553","eli_bayung"
"1827123499703631974","Fri Aug 23 23:19:23 +0000 2024","0","Bowo masih pelan nunggu momen. Bowo juga resmi menjabat butuh waktu 1-2 THN buat mempreteli kekuatan Jokowi sampe ke akar nya. Matahari hanya 1 tidak bisa 2.","1827123499703631974","","","in","Didalem kulkas","0","0","0","https://x.com/powchal/status/1827123499703631974","854374379949391872","powchal"
"1827123495547105594","Fri Aug 23 23:19:22 +0000 2024","0","gue skrang kenalnya dia sbagai MULYONO bukan jokowi","1827123495547105594","","","in","","0","0","0","https://x.com/chocohcnlee/status/1827123495547105594","1463837557","chocohcnlee"
"1827123435644047371","Fri Aug 23 23:19:08 +0000 2024","1147","Adek adek iship semangat ya. @KemenkesRI @jokowi sumpah ya kalian dzolim bgt sih jadi manusia? Dikasih adzab lu nanti sama tuhan. KENAPA SIH KALIAN BISANYA NYUSAHIN MASYARAKAT? Pak gaji adek adek iship itu loh udah sangat kecil TERUS KALIAN TAHAN PULA HAK MEREKA? JAHAT https://t.co/gukPq3FFQD","1827123435644047371","https://pbs.twimg.com/media/GVs_E-5a8AEYeTd.jpg","","in","bumi allah","34","31","1035","https://x.com/apralzolam/status/1827123435644047371","1273518088521203714","apralzolam"
"1826562330873725300","Fri Aug 23 23:19:06 +0000 2024","0","@Chenot1198760 @Opposite6888 @jokowi Pemuja jokowi K0NT0L ","1827123429063192583","","Chenot1198760","in","","0","0","0","https://x.com/RidhoHi49220358/status/1827123429063192583","1817938465566380033","RidhoHi49220358"
"1826955762733855195","Fri Aug 23 23:19:04 +0000 2024","0","@xquitavee @jokowi @kaesangp Belum tau dia ......... siapa mulyono si raja jawa ............ Jangan macam macam klo dia udah mau maka semua harus jadi ........ Pinokio jawa ......","1827123420439703785","","xquitavee","in","","0","0","0","https://x.com/BLompoa_mks/status/1827123420439703785","1724972545311645696","BLompoa_mks"
"1826463067359629454","Fri Aug 23 23:18:52 +0000 2024","0","@alpokatmentega @jokowi Lama bener orang2 ini sembuh dri sakit hati.","1827123370607178028","","alpokatmentega","in","Denpasar Selatan, Indonesia","0","0","0","https://x.com/AdisupriS/status/1827123370607178028","1605621087798439941","AdisupriS"
"1826976195478786403","Fri Aug 23 23:18:37 +0000 2024","3","@kegblgnunfaedh kl ga nikah sm anak jokowi dia cuma gadis ketek biasa","1827123307159941553","","kegblgnunfaedh","in","","0","0","0","https://x.com/vbononchwe/status/1827123307159941553","1770965790055170048","vbononchwe"
"1827123240982249766","Fri Aug 23 23:18:21 +0000 2024","0","jangan diterusin represifnya @jokowi @DivHumas_Polri bisa2 ditawur rakyat yang marah","1827123240982249766","","","in","Yogyakarta","0","0","1","https://x.com/jogjaplaza/status/1827123240982249766","302039283","jogjaplaza"
"1827007892203221301","Fri Aug 23 23:18:18 +0000 2024","0","@detikcom @jokowi lambemu rasoh dipercoyo","1827123229292662916","","detikcom","in","Solo City","0","0","0","https://x.com/gue_gapeduli_/status/1827123229292662916","1793281574781562880","gue_gapeduli_"
"1826826443416064338","Fri Aug 23 23:18:16 +0000 2024","1","@BobTheBald18 @vincentrcrd anda melewatkan satu ini orang dibalik semua kegilaan yg dibuat jokowi https://t.co/H8w97xXASR","1827123218538492022","https://pbs.twimg.com/media/GVs-4kya8AIpPjm.jpg","BobTheBald18","in","","0","1","0","https://x.com/palitonyalo/status/1827123218538492022","1417849594499637253","palitonyalo"
"1827123178725880166","Fri Aug 23 23:18:06 +0000 2024","22","Zulhas Singgung 10 Tahun Presiden Jokowi: Jalan Tol Jawa dan Sumatra Tembus https://t.co/QEYKaXeWpA","1827123178725880166","","","in","","10","49","0","https://x.com/VIVAcoid/status/1827123178725880166","41730943","VIVAcoid"
"1827120527527256282","Fri Aug 23 23:17:48 +0000 2024","0","@tempodotco Presiden @jokowi anda lihat bagaimana mahasiswa rela berkorban untuk menghentikan kerakusan anda terhadap kekuasaan. Kenapa anda tdk meneladani oresiden setelah reformasi yg tau batasan berkuasa spt pak Habibie Gusdur Buk Mega dan Sby dan yg paham ETIKA UNTUK TDK NEPOTISME","1827123102809255993","","tempodotco","in","Blok Q Kby Baru  Jakarta","0","0","0","https://x.com/tengsaw1/status/1827123102809255993","875827812","tengsaw1"
"1826463067359629454","Fri Aug 23 23:17:47 +0000 2024","0","@alpokatmentega @jokowi yang benar gelarnya Ir atau Drs sih atau kedua duanya salah pendidikan S1-nya dimana","1827123096018620927","","alpokatmentega","in","","0","0","0","https://x.com/rins_70/status/1827123096018620927","919581446523592704","rins_70"
"1826993126059454667","Fri Aug 23 23:17:37 +0000 2024","0","@Anak__Ogi @Kimberley_PS08 @tham878 @jokowi Goblok kok di pelihara","1827123054948053268","","Anak__Ogi","in","","0","0","0","https://x.com/HorusOfTheend/status/1827123054948053268","1749297757331083264","HorusOfTheend"
"1826940084740039049","Fri Aug 23 23:17:30 +0000 2024","0","@ch_chotimah2 @jokowi Pemuja = pembenci Dulu = sekarang Itu prinsip kaum pemburu rente","1827123024619041060","","ch_chotimah2","in","","0","1","0","https://x.com/Suji250175/status/1827123024619041060","1732724231526649856","Suji250175"
"1826787513891237960","Fri Aug 23 23:17:18 +0000 2024","0","@AndrewsTjan Aku cinta jokowi","1827122978133569624","","AndrewsTjan","in","","0","0","0","https://x.com/xixixixixihii/status/1827122978133569624","1719888829799350272","xixixixixihii"
"1827118181154222232","Fri Aug 23 23:17:18 +0000 2024","0","demo kemarin digerakan 85% dari PDI yang ingin mau merebut kekuasaan dari Jokowi. Seharusnya kalian lebih perduli dari dulu jangan asal ikut- ikut aja. Kita lagi nonton UFC jokowi VS PDI.","1827122974971085059","","CirclePolitic","in","","0","0","0","https://x.com/CirclePolitic/status/1827122974971085059","1137655143468371968","CirclePolitic"
"1826952053723218317","Fri Aug 23 23:17:12 +0000 2024","0","@AnjainiDeci @Megatop99 @xquitavee Trus kenapa yg kena getah pak jokowi..??.","1827122950228865040","","AnjainiDeci","in","","0","0","0","https://x.com/Heni40208479/status/1827122950228865040","1467823021432111104","Heni40208479"
"1827051119635517453","Fri Aug 23 23:17:04 +0000 2024","6","@CNNIndonesia Yg harusnya jd TSK itu Aparat Keparat yg bertindak represif bknnya Para Pendemo Krn mereka tersulut akibat ulah aparat Wereng Coklat (WC) Gaungkan Revolusi üáÆüá©üáÆüá© Duduki Gedung @DPR_RI &amp; Jatuhkan Rezim Kardus Ngibul Raya @jokowi dgn Dinasti Kekuasaan Dinasti Politik ","1827122917307830606","","CNNIndonesia","in","","0","0","2","https://x.com/BL3H0_212/status/1827122917307830606","1570037996145213440","BL3H0_212"
"1826986360781373578","Fri Aug 23 23:17:00 +0000 2024","1","@TaufikDamas Sy gprnah pilih jokowi dn prbowo skrg trlihatkn watak rakusy dinasty joko","1827122901256171822","","TaufikDamas","in","","0","0","0","https://x.com/MistikusCinta_/status/1827122901256171822","1716836706333409281","MistikusCinta_"
"1826550537338359913","Fri Aug 23 23:16:57 +0000 2024","0","@okkymadasari @Ayang_Lagi6 Nah ini benar demo skrg adalah eskalasi dari rentetan ketidak jujuran Jokowi dan rakusnya Pemimpin negeri ini Selama 2 periode.","1827122888312594750","","okkymadasari","in","","0","0","0","https://x.com/dedeesetya/status/1827122888312594750","3112052178","dedeesetya"
"1826856917026607373","Fri Aug 23 23:16:46 +0000 2024","0","@liputan6dotcom Hayalan si RK tidak beda jauh sama Jokowi padahal cuma hanya hayalan tidak punya kerja nyata.","1827122840438706285","","liputan6dotcom","in","","0","0","0","https://x.com/IrvanRajulan/status/1827122840438706285","1610627128005111815","IrvanRajulan"
"1827107327805182057","Fri Aug 23 23:16:44 +0000 2024","0","@tanyarlfes Hadehh waktu jokowi menyuarakan uu perampasan aset yang lebih penting pada kemana??","1827122832075272626","","tanyarlfes","in","","0","0","0","https://x.com/SigmaGirlX/status/1827122832075272626","1805831319756455937","SigmaGirlX"
"1826986730219765782","Fri Aug 23 23:16:33 +0000 2024","1","@Hm45T @H4T14K4LN4L42 @DPR_RI @jokowi Mulyono memang paling bener puas Loe awowowowk paling bener bikin kebijakan yang nyusahin rakyatnya","1827122785682124970","","Hm45T","in","","0","0","0","https://x.com/sastro1000/status/1827122785682124970","1683003885227741185","sastro1000"
"1826953745827307848","Fri Aug 23 23:16:32 +0000 2024","0","@kemalpalevi keren pak jokowi rela ngorbanin reputasinya sebagai presiden terbaik demi anak2 dapet kerjaan. ","1827122785124282768","","kemalpalevi","in","Jakarta Capital Region","0","0","0","https://x.com/papamekdi/status/1827122785124282768","1560336998593835010","papamekdi"
"1827122739939045436","Fri Aug 23 23:16:22 +0000 2024","0","kayaknya Pak Jokowi downfall karena ulah mantunya sendiri deh. ","1827122739939045436","","","in","Tanjung Priok, Indonesia","0","0","0","https://x.com/amalulikram14/status/1827122739939045436","285437870","amalulikram14"
"1826811320450384226","Fri Aug 23 23:16:06 +0000 2024","0","@iwanfals Lu itu udah ikut andil besarnya jokowi. Sekarang malah bikin statement kontol.","1827122673262195072","","iwanfals","in","15.3767¬∞ S, 166.9592¬∞ E","0","0","0","https://x.com/FrankJunaedII/status/1827122673262195072","1794724572451004417","FrankJunaedII"
"1826541915996913810","Fri Aug 23 23:15:55 +0000 2024","0","@xquitavee @jokowi Klo mau jadi jongos boleh aja itu hak LO tapi mbok otak jangan ketinggalan COX.","1827122627682693633","","xquitavee","in","","0","0","0","https://x.com/WahyuSiswa19856/status/1827122627682693633","1795250845870907392","WahyuSiswa19856"
"1827122553938440272","Fri Aug 23 23:15:37 +0000 2024","0","Palakin terus tuh keluarga benalu. KAGAK BISA HIDUP KALO NGGAK BEGINI SAMPAH KAU MACAM PARASIT SEKELUARGA @jokowi @kaesangp @gibran_tweet. @KPK_RI KERJA OREG!! JANGAN DIEM BAE MACEM SAPI OMPONG!","1827122553938440272","","","in","Everywhere","0","0","0","https://x.com/AzueMooonoo/status/1827122553938440272","1261686365101514752","AzueMooonoo"
"1826808171551490153","Fri Aug 23 23:15:31 +0000 2024","0","@ridwanhr @jokowi Mulyono lagi di rasani tuh..","1827122529221390552","","ridwanhr","in","","0","0","0","https://x.com/blackeyed38/status/1827122529221390552","3042311131","blackeyed38"
"1826955762733855195","Fri Aug 23 23:14:47 +0000 2024","0","@xquitavee @jokowi @kaesangp Yqng ngomong penjilatnya","1827122342050591042","","xquitavee","in","","0","0","0","https://x.com/fosgate27/status/1827122342050591042","1603523784597569537","fosgate27"
"1827114914890097040","Fri Aug 23 23:14:27 +0000 2024","0","@tanyakanrl BRO PIKIR KELUARGA JOKOWI GA KORUPSI","1827122257380212818","","tanyakanrl","in","","0","0","0","https://x.com/isombousi/status/1827122257380212818","1143898918436012032","isombousi"
"1826967760498500028","Fri Aug 23 23:14:22 +0000 2024","1","@KudaNyebat @rasjawa Bandinginnya kejauhan sih . Jokowi keliatan kaya malaikat kalo dibandingin sama H","1827122240108024114","","KudaNyebat","in","Rumbai, Indonesia","0","0","0","https://x.com/KokoprotKesang/status/1827122240108024114","768968488039751680","KokoprotKesang"
"1826498793195372870","Fri Aug 23 23:14:20 +0000 2024","0","@miskiy28 Woe Nyet denger ya kaga ada yg benci jokowi Saya benci kebijakan jokowi yg tdk pro rakyat","1827122227789361409","","miskiy28","in","","0","0","0","https://x.com/kodok_anti/status/1827122227789361409","1603528748761878530","kodok_anti"
"1827122224199028824","Fri Aug 23 23:14:19 +0000 2024","0","Malah semakin curiga gak sih? Apa alsan Jokowi bisa secepat itu legawa sama keputusan MK? Siasat apa lagi yg dia rencanain sekarang? Mau nggembosin lewat KPU?","1827122224199028824","","","in","","0","0","0","https://x.com/b3f3f2/status/1827122224199028824","1194752926306033664","b3f3f2"
"1827119777048854815","Fri Aug 23 23:13:58 +0000 2024","0","@tempodotco Jokowi mestinya diseret untuk di adili","1827122136248676845","","tempodotco","in","DKI Jakarta, Indonesia","0","0","0","https://x.com/Mohamad41967776/status/1827122136248676845","886899169314488320","Mohamad41967776"
"1827122106410398162","Fri Aug 23 23:13:51 +0000 2024","1","Project pilpres yang bahkan pilpres nya udh selesai tapi dampaknya masih kerasa gendeng emang antek jokowi","1827122106410398162","","","in","","0","0","0","https://x.com/wisdemm/status/1827122106410398162","1238100068961406980","wisdemm"
"1826887634922471442","Fri Aug 23 23:13:41 +0000 2024","0","@ch_chotimah2 @jokowi Fendukung koruptor kepanasan ","1827122067332014413","","santoz92725","in","","0","1","0","https://x.com/santoz92725/status/1827122067332014413","1735645952676130816","santoz92725"
"1826876769728888955","Fri Aug 23 23:13:38 +0000 2024","0","@ardisatriawan ini jatuhnya - jokowi arc - pilkada arc","1827122053302096244","","ardisatriawan","in","","0","0","0","https://x.com/ranrraz/status/1827122053302096244","1119065133110546433","ranrraz"
"1827009215669428243","Fri Aug 23 23:13:23 +0000 2024","0","@tanyarlfes Dasar setan! @DPR_RI @jokowi LAWAN! JANGAN LENGAH! BATALKAN BUKAN TUNDA! PANJANG UMUR PERJUANGAN! HIDUP RAKYAT INDONESIA! KEMBALIKAN TEMAN-TEMAN KAMI! #KawalPutusanMK #TolakPilkadaAkal2an #TolakPolitikDinasti #PeringatanDarurat #IndonesiaEmergencyDemocracy","1827121991230615568","","tanyarlfes","in","","0","0","0","https://x.com/lululalalaby/status/1827121991230615568","1298032702998736896","lululalalaby"
"1826686668679925851","Fri Aug 23 23:13:19 +0000 2024","0","@ZulkifliLubis69 @officialMKRI @gibran_tweet @jokowi @kaesangp @DPR_RI Cuangkem raiso di PERCOYO..... cuman pinter pret ","1827121975430619581","","ZulkifliLubis69","in","","0","0","0","https://x.com/maharajagame/status/1827121975430619581","1767153858114170880","maharajagame"
"1825474083276132689","Fri Aug 23 23:13:11 +0000 2024","0","@jokowi Penipu","1827121939338723433","","jokowi","in","","0","0","0","https://x.com/BangUdin100/status/1827121939338723433","1666843786411118592","BangUdin100"
"1827007984750542969","Fri Aug 23 23:13:04 +0000 2024","1","@aewin86 pak jokowi maksa ke dpr sahkan RUU perampasan aset malah mandek eh ada putusan dpr malah salahin jokowi emang cara pikir mereka udah mentok di jamban....","1827121908841926808","","aewin86","in","","0","1","0","https://x.com/SambUhta/status/1827121908841926808","1746382809374363648","SambUhta"
"1826887634922471442","Fri Aug 23 23:12:53 +0000 2024","0","@ch_chotimah2 @jokowi WALUH BAJINGAN TOTOL ini cari selamat bertaon-taon elo pagerin 1 x 24 elo serang yg ngga sebarisan...elo mau cuci tangan ?","1827121863585362041","","ch_chotimah2","in","","0","0","0","https://x.com/ahmadfaisal_13/status/1827121863585362041","276989068","ahmadfaisal_13"
"1827013962040573964","Fri Aug 23 23:12:52 +0000 2024","0","@aetherdepokk Dasar setan! @DPR_RI @jokowi LAWAN! JANGAN LENGAH! BATALKAN BUKAN TUNDA! PANJANG UMUR PERJUANGAN! HIDUP RAKYAT INDONESIA! KEMBALIKAN TEMAN-TEMAN KAMI! #KawalPutusanMK #TolakPilkadaAkal2an #TolakPolitikDinasti #PeringatanDarurat #IndonesiaEmergencyDemocracy","1827121858879316354","","aetherdepokk","in","","0","0","0","https://x.com/lululalalaby/status/1827121858879316354","1298032702998736896","lululalalaby"
"1827004714636210354","Fri Aug 23 23:11:56 +0000 2024","0","@Rexthatch Si Bahlil tengik ini ex Menives yg pernah akan menggusur warga p.rempang dari tanah leluhurnya hanya utk bela investor pabrik kaca tiongkok. Bahkan dgn sombongnya meremehkan pandangan ratusan guru besar dari berbagai perguruan tinggi atas penyimpangan presiden Jokowi.","1827121624979796287","","Rexthatch","in","","0","0","0","https://x.com/Nazwar30452713/status/1827121624979796287","1297659867117674496","Nazwar30452713"
"1827121560219742243","Fri Aug 23 23:11:40 +0000 2024","0","Pada kena peletnya Jokowi punya anak sendiri2 tp yg dipikirin dibelain anaknya Jokowi","1827121560219742243","","","in","","0","0","0","https://x.com/rosi_maul/status/1827121560219742243","310653456","rosi_maul"
"1826959937991291129","Fri Aug 23 23:11:39 +0000 2024","0","@MohdFar37986059 @zy_zy_lestary @adri_7i @dika_maxelyou @YoYoAyo17845 @IrwanResma48922 Akhir jaman.. Pemimpin Negara yg baik &amp; yg amanah dihina dimaki &amp; difitnah manusia2 dangkal &amp; sempit. Presiden Jokowi yg amanah dihina difitnah &amp; dibenci. Dan anak2 muda yg baik &amp; positif jgn diam. Sebab byk bocah2 dangkal &amp; kosong malah percaya pd org2 yg gak amanah. MIRIS","1827121555379515837","","MohdFar37986059","in","","0","0","0","https://x.com/Pasir_Putih99/status/1827121555379515837","1707418170871717888","Pasir_Putih99"
"1827121553164922977","Fri Aug 23 23:11:39 +0000 2024","0","Coba @Garena napa ngasih gratifikasi? @ShopeeID @SeaBankID?? @KPK_RI noh ada gratifikasi tuh terpampang jelas KERJA JANGAN MOLOR BAE KAU! ANAK JUNJUNGANMU MACAM SING DUWE JAGAD TOLOL @kaesangp @jokowi","1827121553164922977","","","in","Everywhere","0","0","0","https://x.com/AzueMooonoo/status/1827121553164922977","1261686365101514752","AzueMooonoo"
"1826686668679925851","Fri Aug 23 23:11:35 +0000 2024","0","@ZulkifliLubis69 @officialMKRI @gibran_tweet @jokowi @kaesangp @DPR_RI Kok tanya saya ya tanya ke dia lah.. Dia kan cuma wayang goblek tp dalang yg memainkan wayang nya siapa","1827121539432771706","","ZulkifliLubis69","in","","0","0","0","https://x.com/AndiV82169/status/1827121539432771706","1787414554944966656","AndiV82169"
"1826945055338217837","Fri Aug 23 23:11:29 +0000 2024","0","@tanyakanrl mulyono M nya MATI GAK LO!!! @jokowi","1827121513801380079","","tanyakanrl","in","","0","0","0","https://x.com/_vitaminjeong/status/1827121513801380079","1758639892396199936","_vitaminjeong"
"1825531758156349848","Fri Aug 23 23:11:11 +0000 2024","0","@Archieon14 Di sana ada hakim circle-nya Jokowi seperti Guntur Daniel dan Paman Anwar Usman; ada hakimnya PDIP Arief Hidayat dan ada hakim yang progresif (reaksioner) macam Saldi dan Soehartoyo. Ada juga yang ikut-ikutan arah angin kayak Enny dan Arsul.","1827121438895304959","","jon_udah_jon","in","Jakarta Pusat, DKI Jakarta","0","1","0","https://x.com/jon_udah_jon/status/1827121438895304959","3186367422","jon_udah_jon"
"1827121407073128584","Fri Aug 23 23:11:04 +0000 2024","0","ril temen gue yg doyan jokowi + psi terpantau udah upload kometar mengenai RUU","1827121407073128584","","","in","","0","0","0","https://x.com/teroseng/status/1827121407073128584","1272111571137789952","teroseng"
"1826779127170695395","Fri Aug 23 23:11:02 +0000 2024","1","@is_pelssy @SR_VIDHI @Catatan_ali7 @ArgentianaA @TheDamaiKopiku @acarnanashh @ariarjiwinata02 @musksigit @ismedBadjeber Kalian merasa hebat Karena merasa bebas bicara Di sini Memaki dan menghina Jokowi dan anies betul Bukan apa2 Walau presiden dan mantan gubernur Di bandingkan Dengan kekasih Allah Karena anak jokowi dapat jabatan Terus jokowi itu hebat Begitu bukan anggapan kalian","1827121399208816927","","is_pelssy","in","","0","0","0","https://x.com/DayangIndah4/status/1827121399208816927","1376172927679221766","DayangIndah4"
"1827121397673705902","Fri Aug 23 23:11:02 +0000 2024","0","Kebanyakan kesel sama Mulyono baca Joki jadi Jokowi maaf ya bang ","1827121397673705902","","","in","","0","0","0","https://x.com/iyakadal/status/1827121397673705902","1686194871940595712","iyakadal"
"1826995805900972264","Fri Aug 23 23:10:51 +0000 2024","0","@CNNIndonesia Waduk mulyono @jokowi","1827121354250076489","","CNNIndonesia","in","","0","0","0","https://x.com/kikiajahgadog/status/1827121354250076489","1681606283676504064","kikiajahgadog"
"1827121310553796918","Fri Aug 23 23:10:41 +0000 2024","0","Turunkan Jokowi Segera?! https://t.co/zyBJQ9z9ii","1827121310553796918","https://pbs.twimg.com/ext_tw_video_thumb/1827121174922588161/pu/img/ePw3820wWaFndPcD.jpg","","in","Jembrana, Bali","0","0","0","https://x.com/gusbenk/status/1827121310553796918","108236759","gusbenk"
"1826845189362909376","Fri Aug 23 23:10:26 +0000 2024","0","@kuntibarbie opini sampah","1827121247165280778","","kuntibarbie","in","Jakarta Capital Region, Indone","0","0","0","https://x.com/bonekaberak/status/1827121247165280778","2219046313","bonekaberak"
"1826938692214346082","Fri Aug 23 23:10:25 +0000 2024","0","@Worldatrocities Punk Jokowi.. Eh punk Mulyono.. Ada ada saja.. Punk kok kawan penguasa","1827121243218440364","","Worldatrocities","in","","0","0","0","https://x.com/Ferdyxajo1/status/1827121243218440364","1133587520233492480","Ferdyxajo1"
"1827118181154222232","Fri Aug 23 23:07:54 +0000 2024","0","So yang ga pernah kalian tau kejadian ini pernah pernah dilakukan PDI dengan keangkuhan waktu masih berkuasa PDI mengubah UU tanpa memperdulikan rakyat(lebih parah malah) . Singkatnya era jokowi PDI masih kuat di berbagai Instansi negara bahkan gerakan-","1827120609576546687","","CirclePolitic","in","","0","1","0","https://x.com/CirclePolitic/status/1827120609576546687","1137655143468371968","CirclePolitic"
"1826866434145755392","Fri Aug 23 23:07:51 +0000 2024","0","@JhonSitorus_18 smua ini ujungnya cuma utk supaya Redbull bisa ikut pilkada..sisanya usaha turunkan jokowi ...klo omong ini buat rakyat ...tai kucing","1827120599547965519","","JhonSitorus_18","in","","0","0","0","https://x.com/santoz92725/status/1827120599547965519","1735645952676130816","santoz92725"
"1826927651833229424","Fri Aug 23 23:07:49 +0000 2024","0","@TirtoID JANGAN PERCAYA OMONGAN POLISI....MRK SUDAH TERCEMAR VIRUS JOKOWI...PASTI NGEBOHONG","1827120589510934545","","TirtoID","in","","0","0","0","https://x.com/Sanjaya01158098/status/1827120589510934545","1241350830223052801","Sanjaya01158098"
"1827037985462005981","Fri Aug 23 23:07:30 +0000 2024","0","@Hasbil_Lbs @JhonSitorus_18 Cuci tangan setelah pak jokowi meninggalkan partai pdip.","1827120509802410449","","Hasbil_Lbs","in","Indonesia","0","0","0","https://x.com/nanojr17/status/1827120509802410449","758990256091766784","nanojr17"
"1826628353648198035","Fri Aug 23 23:07:10 +0000 2024","0","@bayoubeka @FapolosS @yusuf_dumdum @jokowi saya bukan mau mengurus moral per orang apalagi moralmu (gak tau juga masih ada apa kagak!) yang lebih saya prihatinkan adalah bangsa ini karena moral pemimpinnya yg sudah rusak","1827120426113474670","","bayoubeka","in","","0","0","0","https://x.com/o_sanit/status/1827120426113474670","1456520266482270212","o_sanit"
"1826531549522919912","Fri Aug 23 23:07:07 +0000 2024","0","@elyshafizi @KajimSharibi @MaisarahMahmud Menantu Jokowi ni kalau x silap","1827120412653928958","","elyshafizi","in","DH50490","0","1","0","https://x.com/DillSnelling/status/1827120412653928958","591596695","DillSnelling"
"1826854922454987081","Fri Aug 23 23:07:00 +0000 2024","0","@momon_garuk44 Yang lebih baik itu keluarga jokowi lenyap dari indon.","1827120382396264729","","momon_garuk44","in","","0","0","0","https://x.com/cina_bong/status/1827120382396264729","1655791190195994625","cina_bong"
"1826993126059454667","Fri Aug 23 23:06:59 +0000 2024","0","@Sandal_jepit77 @Anak__Ogi @Kimberley_PS08 @tham878 @jokowi Hala jari jari bukan otak yg ngetik","1827120378474590534","","Sandal_jepit77","in","","0","2","0","https://x.com/siompulandak/status/1827120378474590534","1470842431927029760","siompulandak"
"1827064621481779636","Fri Aug 23 23:06:57 +0000 2024","1","@Subur0204 Dikasih bekas pun bahagia. Jangan lupa puja puji Jokowi.","1827120372925526133","","Subur0204","in","Indonesia","0","0","0","https://x.com/Moh_Jupri/status/1827120372925526133","79739365","Moh_Jupri"
"1826592979961921800","Fri Aug 23 23:06:55 +0000 2024","0","@Lembayung071 @jokowi Penjilat yg lidahnya mejulur","1827120362339103009","","Lembayung071","in","","0","0","0","https://x.com/arno2303/status/1827120362339103009","1752119441821945856","arno2303"
"1827120334556058086","Fri Aug 23 23:06:48 +0000 2024","0","Suramnya Demokrasi Rezim Jokowi","1827120334556058086","","","in","","0","0","0","https://x.com/Amankadismaksum/status/1827120334556058086","1313788225543053313","Amankadismaksum"
"1827010715372466297","Fri Aug 23 23:06:45 +0000 2024","0","@aitneserk Jd hiburanmu pasti klu buka grup wkwkwkwk Eh sama waktu periode pertama alasannya krna tukang kayu dan sangat merakyat pas selesai ibadat lingkungan klu ga salah ada satu umat jg yg nyamain jokowi. Ga tau skrng dia sakit hati ga tuh. ","1827120322082181409","","aitneserk","in","","0","1","0","https://x.com/Spiderlily_biru/status/1827120322082181409","1800152690925895680","Spiderlily_biru"
"1826436884798542159","Fri Aug 23 23:06:43 +0000 2024","0","@MayFoodBlessYou @NyaiNeneng Jokowi Tongkol wkw","1827120312179442095","","MayFoodBlessYou","in","","0","0","0","https://x.com/JagaAkalSehat/status/1827120312179442095","1606408826508283904","JagaAkalSehat"
"1827021796882723131","Fri Aug 23 23:06:38 +0000 2024","0","@tanyakanrl Dasar setan! @DPR_RI @jokowi LAWAN! JANGAN LENGAH! BATALKAN BUKAN TUNDA! PANJANG UMUR PERJUANGAN! HIDUP RAKYAT INDONESIA! KEMBALIKAN TEMAN-TEMAN KAMI! #KawalPutusanMK #TolakPilkadaAkal2an #TolakPolitikDinasti #PeringatanDarurat #IndonesiaEmergencyDemocracy https://t.co/6onEpD2I30","1827120292059312423","https://pbs.twimg.com/media/GVs8ODHXAAEnp_U.jpg","tanyakanrl","in","","0","0","0","https://x.com/lululalalaby/status/1827120292059312423","1298032702998736896","lululalalaby"
"1826624285890515311","Fri Aug 23 23:06:34 +0000 2024","0","@ahmadsefrii @Dennysiregar7 1 tahun ? .... 1 periode kaleeee ......... kalo mo marah otak pake juga donk ....... periode pertama jokowi blom jadi dracula periode 2 haus keabadian kekuasaan jadi dracula deh ...... ","1827120274304856178","","ahmadsefrii","in","Denpasar Selatan, Indonesia","0","0","0","https://x.com/endonesiatwit/status/1827120274304856178","1067127607043342337","endonesiatwit"
"1826993126059454667","Fri Aug 23 23:06:13 +0000 2024","0","@Anak__Ogi @Kimberley_PS08 @tham878 @jokowi Tapi betul mahasiswa ini bela siapa ? Kalau bela pejabat yah begini kekuasaan aja di urus.giliran mai memiskinkan pejabat korup impoten semua tai","1827120188250362291","","Anak__Ogi","in","BALI kpapan ","0","0","0","https://x.com/Arifcincau/status/1827120188250362291","1428602653748056067","Arifcincau"
"1826986730219765782","Fri Aug 23 23:06:11 +0000 2024","0","@Hm45T @H4T14K4LN4L42 @DPR_RI @jokowi Woii buzer bangke ngga usah bacot dsni","1827120179974959165","","Hm45T","in","","0","0","0","https://x.com/OneR45720/status/1827120179974959165","1776975238867353600","OneR45720"
"1826947687616499931","Fri Aug 23 23:05:48 +0000 2024","0","@Projo_Pusat @jokowi Mulyono bajingan demokrasi","1827120083266851299","","Projo_Pusat","in","","0","0","0","https://x.com/kaf18028/status/1827120083266851299","1714147518077120512","kaf18028"
